Esn,Country,Localized Device Description,Device Description,Ip,Region Code Display Name,Ts
NFANDROID2-PRV-MSD6886602GUHDANDROIDTV-HISENHISMARTTV=A4-12683-A7E3D8830427AE590B05F642FB14CF64AC7BB7558EC27F27EC199001D04FD74D,US,Hisense  MSD6886 6.0 2G UHD Android TV Smart TV,Hisense  MSD6886 6.0 2G UHD Android TV Smart TV,2601:204:e080:9680:b4f7:6cc:2bba:4928,California,2022-07-12T01:20:30.248Z
NFCDCH-02-JDTG5NXWMQ5570580KHYCUU1PRPAG5,US,Chrome PC (Cadmium),Chrome PC (Cadmium),2601:204:e000:feb0:888:f1a6:d1c4:6ac6,California,2022-07-12T00:15:11.544Z
NFANDROID2-PRV-FIRETVSTICK2018-AMAZOAFTMM-17461-B3628C48FC270B37D715D4544625257F15F32CF2A2DBF750D96B401E1A888F7F,US,FireTV 4K Stick 2018,FireTV 4K Stick 2018,2601:204:e000:feb0:c5fe:4033:bc03:88b9,California,2022-07-11T06:15:12.307Z
NFANDROID2-PRV-FIRETVSTICK2018-AMAZOAFTMM-17461-B3628C48FC270B37D715D4544625257F15F32CF2A2DBF750D96B401E1A888F7F,US,FireTV 4K Stick 2018,FireTV 4K Stick 2018,2601:204:e000:feb0:c5fe:4033:bc03:88b9,California,2022-07-10T23:30:58.016Z
NFANDROID2-PRV-FIRETVSTICK2018-AMAZOAFTMM-17461-B3628C48FC270B37D715D4544625257F15F32CF2A2DBF750D96B401E1A888F7F,US,FireTV 4K Stick 2018,FireTV 4K Stick 2018,2601:204:e000:feb0:d0e0:e01f:e00a:3d34,California,2022-07-10T22:29:32.621Z
NFANDROID2-PRV-FIRETVSTICK2018-AMAZOAFTMM-17461-B3628C48FC270B37D715D4544625257F15F32CF2A2DBF750D96B401E1A888F7F,US,FireTV 4K Stick 2018,FireTV 4K Stick 2018,71.195.176.75,California,2022-07-10T22:29:06.290Z
NFUWA-001-06FD9306A7B5DB36C8355F99A962E7AF1277B02EAF7D2379A5916A53A388B7A0,US,Netflix Windows App - Cadmium Windows Mobile,Netflix Windows App - Cadmium Windows Mobile,98.208.90.24,California,2022-07-07T19:41:05.236Z
CMCSTX1001-00000104020B29C5-CC65AD8E5E08,US,Comcast X1 MIPS NO SAGE MVPD STB,Comcast X1 MIPS NO SAGE MVPD STB,2001:558:5020:64:2c2e:b390:2604:bd8b,New Jersey,2022-07-03T01:01:40.603Z
NFANDROID2-PRV-MSD6886602GUHDANDROIDTV-HISENHISMARTTV=A4-12683-A7E3D8830427AE590B05F642FB14CF64AC7BB7558EC27F27EC199001D04FD74D,US,Hisense  MSD6886 6.0 2G UHD Android TV Smart TV,Hisense  MSD6886 6.0 2G UHD Android TV Smart TV,2601:204:e080:9680:d14e:bac8:e9bb:13aa,California,2022-07-02T07:28:13.042Z
NFANDROID2-PRV-MSD6886602GUHDANDROIDTV-HISENHISMARTTV=A4-12683-A7E3D8830427AE590B05F642FB14CF64AC7BB7558EC27F27EC199001D04FD74D,US,Hisense  MSD6886 6.0 2G UHD Android TV Smart TV,Hisense  MSD6886 6.0 2G UHD Android TV Smart TV,2601:204:e080:9680:d14e:bac8:e9bb:13aa,California,2022-07-02T01:24:17.556Z
NFANDROID2-PRV-MSD6886602GUHDANDROIDTV-HISENHISMARTTV=A4-12683-A7E3D8830427AE590B05F642FB14CF64AC7BB7558EC27F27EC199001D04FD74D,US,Hisense  MSD6886 6.0 2G UHD Android TV Smart TV,Hisense  MSD6886 6.0 2G UHD Android TV Smart TV,2601:204:e080:9680:404f:4649:db3f:63e8,California,2022-07-01T16:53:42.253Z
NFANDROID2-PRV-MSD6886602GUHDANDROIDTV-HISENHISMARTTV=A4-12683-A7E3D8830427AE590B05F642FB14CF64AC7BB7558EC27F27EC199001D04FD74D,US,Hisense  MSD6886 6.0 2G UHD Android TV Smart TV,Hisense  MSD6886 6.0 2G UHD Android TV Smart TV,2601:204:e080:9680:404f:4649:db3f:63e8,California,2022-07-01T04:53:16.536Z
NFANDROID2-PRV-MSD6886602GUHDANDROIDTV-HISENHISMARTTV=A4-12683-A7E3D8830427AE590B05F642FB14CF64AC7BB7558EC27F27EC199001D04FD74D,US,Hisense  MSD6886 6.0 2G UHD Android TV Smart TV,Hisense  MSD6886 6.0 2G UHD Android TV Smart TV,98.208.90.24,California,2022-07-01T04:35:03.425Z
NFANDROID2-PRV-MSD6886602GUHDANDROIDTV-HISENHISMARTTV=A4-12683-A7E3D8830427AE590B05F642FB14CF64AC7BB7558EC27F27EC199001D04FD74D,US,Hisense  MSD6886 6.0 2G UHD Android TV Smart TV,Hisense  MSD6886 6.0 2G UHD Android TV Smart TV,2601:204:e080:9680:404f:4649:db3f:63e8,California,2022-07-01T04:35:01.954Z
NFANDROID2-PRV-MSD6886602GUHDANDROIDTV-HISENHISMARTTV=A4-12683-A7E3D8830427AE590B05F642FB14CF64AC7BB7558EC27F27EC199001D04FD74D,US,Hisense  MSD6886 6.0 2G UHD Android TV Smart TV,Hisense  MSD6886 6.0 2G UHD Android TV Smart TV,98.208.90.24,California,2022-07-01T04:33:29.156Z
NFANDROID2-PRV-MSD6886602GUHDANDROIDTV-HISENHISMARTTV=A4-12683-A7E3D8830427AE590B05F642FB14CF64AC7BB7558EC27F27EC199001D04FD74D,US,Hisense  MSD6886 6.0 2G UHD Android TV Smart TV,Hisense  MSD6886 6.0 2G UHD Android TV Smart TV,2601:204:e080:9680:404f:4649:db3f:63e8,California,2022-07-01T04:33:01.013Z
NFANDROID2-PRV-MSD6886602GUHDANDROIDTV-HISENHISMARTTV=A4-12683-A7E3D8830427AE590B05F642FB14CF64AC7BB7558EC27F27EC199001D04FD74D,US,Hisense  MSD6886 6.0 2G UHD Android TV Smart TV,Hisense  MSD6886 6.0 2G UHD Android TV Smart TV,98.208.90.24,California,2022-07-01T04:32:48.161Z
NFANDROID2-PRV-MSD6886602GUHDANDROIDTV-HISENHISMARTTV=A4-12683-A7E3D8830427AE590B05F642FB14CF64AC7BB7558EC27F27EC199001D04FD74D,US,Hisense  MSD6886 6.0 2G UHD Android TV Smart TV,Hisense  MSD6886 6.0 2G UHD Android TV Smart TV,2601:204:e080:9680:404f:4649:db3f:63e8,California,2022-07-01T04:32:47.260Z
NFANDROID2-PRV-MSD6886602GUHDANDROIDTV-HISENHISMARTTV=A4-12683-A7E3D8830427AE590B05F642FB14CF64AC7BB7558EC27F27EC199001D04FD74D,US,Hisense  MSD6886 6.0 2G UHD Android TV Smart TV,Hisense  MSD6886 6.0 2G UHD Android TV Smart TV,98.208.90.24,California,2022-07-01T04:30:08.751Z
NFANDROID2-PRV-MSD6886602GUHDANDROIDTV-HISENHISMARTTV=A4-12683-A7E3D8830427AE590B05F642FB14CF64AC7BB7558EC27F27EC199001D04FD74D,US,Hisense  MSD6886 6.0 2G UHD Android TV Smart TV,Hisense  MSD6886 6.0 2G UHD Android TV Smart TV,98.208.90.24,California,2022-06-27T04:00:51.021Z
NFANDROID2-PRV-MSD6886602GUHDANDROIDTV-HISENHISMARTTV=A4-12683-A7E3D8830427AE590B05F642FB14CF64AC7BB7558EC27F27EC199001D04FD74D,US,Hisense  MSD6886 6.0 2G UHD Android TV Smart TV,Hisense  MSD6886 6.0 2G UHD Android TV Smart TV,2601:204:e080:9680:bcc4:a750:6597:ca1,California,2022-06-25T02:08:47.343Z
NFANDROID2-PRV-FIRETVSTICK2018-AMAZOAFTMM-17461-B3628C48FC270B37D715D4544625257F15F32CF2A2DBF750D96B401E1A888F7F,US,FireTV 4K Stick 2018,FireTV 4K Stick 2018,2601:204:e000:feb0:bd5f:d7f4:64bb:562d,California,2022-06-24T08:38:56.089Z
NFANDROID2-PRV-FIRETVSTICK2018-AMAZOAFTMM-17461-B3628C48FC270B37D715D4544625257F15F32CF2A2DBF750D96B401E1A888F7F,US,FireTV 4K Stick 2018,FireTV 4K Stick 2018,2601:204:e000:feb0:bd5f:d7f4:64bb:562d,California,2022-06-24T02:18:00.779Z
NFANDROID2-PRV-MSD6886602GUHDANDROIDTV-HISENHISMARTTV=A4-12683-A7E3D8830427AE590B05F642FB14CF64AC7BB7558EC27F27EC199001D04FD74D,US,Hisense  MSD6886 6.0 2G UHD Android TV Smart TV,Hisense  MSD6886 6.0 2G UHD Android TV Smart TV,2601:204:e080:9680:751b:9e07:4f75:2d92,California,2022-06-23T17:29:32.227Z
NFANDROID2-PRV-FIRETVSTICK2018-AMAZOAFTMM-17461-B3628C48FC270B37D715D4544625257F15F32CF2A2DBF750D96B401E1A888F7F,US,FireTV 4K Stick 2018,FireTV 4K Stick 2018,2601:204:e000:feb0:5d20:2d52:b725:d8d8,California,2022-06-23T06:11:30.284Z
NFANDROID2-PRV-MSD6886602GUHDANDROIDTV-HISENHISMARTTV=A4-12683-A7E3D8830427AE590B05F642FB14CF64AC7BB7558EC27F27EC199001D04FD74D,US,Hisense  MSD6886 6.0 2G UHD Android TV Smart TV,Hisense  MSD6886 6.0 2G UHD Android TV Smart TV,98.208.90.24,California,2022-06-23T01:35:13.088Z
NFANDROID2-PRV-MSD6886602GUHDANDROIDTV-HISENHISMARTTV=A4-12683-A7E3D8830427AE590B05F642FB14CF64AC7BB7558EC27F27EC199001D04FD74D,US,Hisense  MSD6886 6.0 2G UHD Android TV Smart TV,Hisense  MSD6886 6.0 2G UHD Android TV Smart TV,2601:204:e080:9680:9482:c13d:6543:7db9,California,2022-06-20T22:07:23.106Z
NFANDROID2-PRV-MSD6886602GUHDANDROIDTV-HISENHISMARTTV=A4-12683-A7E3D8830427AE590B05F642FB14CF64AC7BB7558EC27F27EC199001D04FD74D,US,Hisense  MSD6886 6.0 2G UHD Android TV Smart TV,Hisense  MSD6886 6.0 2G UHD Android TV Smart TV,98.208.90.24,California,2022-06-20T21:21:43.319Z
NFANDROID2-PRV-MSD6886602GUHDANDROIDTV-HISENHISMARTTV=A4-12683-A7E3D8830427AE590B05F642FB14CF64AC7BB7558EC27F27EC199001D04FD74D,US,Hisense  MSD6886 6.0 2G UHD Android TV Smart TV,Hisense  MSD6886 6.0 2G UHD Android TV Smart TV,2601:204:e080:9680:9482:c13d:6543:7db9,California,2022-06-20T17:02:00.300Z
RKU-CXXXXDX00100FJXUFN,US,Roku TV CXXXX,TCL Malone DV Smart TV,98.208.90.24,California,2022-06-19T05:54:23.421Z
NFANDROID2-PRV-MSD6886602GUHDANDROIDTV-HISENHISMARTTV=A4-12683-A7E3D8830427AE590B05F642FB14CF64AC7BB7558EC27F27EC199001D04FD74D,US,Hisense  MSD6886 6.0 2G UHD Android TV Smart TV,Hisense  MSD6886 6.0 2G UHD Android TV Smart TV,2601:204:e080:9680:9482:c13d:6543:7db9,California,2022-06-17T03:56:50.911Z
NFANDROID2-PRV-MSD6886602GUHDANDROIDTV-HISENHISMARTTV=A4-12683-A7E3D8830427AE590B05F642FB14CF64AC7BB7558EC27F27EC199001D04FD74D,US,Hisense  MSD6886 6.0 2G UHD Android TV Smart TV,Hisense  MSD6886 6.0 2G UHD Android TV Smart TV,98.208.90.24,California,2022-06-17T03:13:25.065Z
NFANDROID2-PRV-MSD6886602GUHDANDROIDTV-HISENHISMARTTV=A4-12683-A7E3D8830427AE590B05F642FB14CF64AC7BB7558EC27F27EC199001D04FD74D,US,Hisense  MSD6886 6.0 2G UHD Android TV Smart TV,Hisense  MSD6886 6.0 2G UHD Android TV Smart TV,2601:204:e080:9680:9482:c13d:6543:7db9,California,2022-06-15T03:15:24.271Z
NFANDROID2-PRV-MSD6886602GUHDANDROIDTV-HISENHISMARTTV=A4-12683-A7E3D8830427AE590B05F642FB14CF64AC7BB7558EC27F27EC199001D04FD74D,US,Hisense  MSD6886 6.0 2G UHD Android TV Smart TV,Hisense  MSD6886 6.0 2G UHD Android TV Smart TV,98.208.90.24,California,2022-06-15T02:13:40.064Z
NFANDROID2-PRV-FIRETVSTICK2018-AMAZOAFTMM-17461-B3628C48FC270B37D715D4544625257F15F32CF2A2DBF750D96B401E1A888F7F,US,FireTV 4K Stick 2018,FireTV 4K Stick 2018,71.195.176.75,California,2022-06-14T08:53:10.855Z
NFANDROID2-PRV-FIRETVSTICK2018-AMAZOAFTMM-17461-B3628C48FC270B37D715D4544625257F15F32CF2A2DBF750D96B401E1A888F7F,US,FireTV 4K Stick 2018,FireTV 4K Stick 2018,2601:204:e000:feb0:c98d:1b39:da6b:511f,California,2022-06-14T08:09:23.233Z
NFANDROID2-PRV-FIRETVSTICK2018-AMAZOAFTMM-17461-B3628C48FC270B37D715D4544625257F15F32CF2A2DBF750D96B401E1A888F7F,US,FireTV 4K Stick 2018,FireTV 4K Stick 2018,71.195.176.75,California,2022-06-14T06:32:25.313Z
NFANDROID2-PRV-MSD6886602GUHDANDROIDTV-HISENHISMARTTV=A4-12683-A7E3D8830427AE590B05F642FB14CF64AC7BB7558EC27F27EC199001D04FD74D,US,Hisense  MSD6886 6.0 2G UHD Android TV Smart TV,Hisense  MSD6886 6.0 2G UHD Android TV Smart TV,2601:204:e080:9680:9482:c13d:6543:7db9,California,2022-06-12T23:27:15.443Z
NFANDROID1-PRV-P-SAMSUSM-G998U-19970-0C351C3108B958B7045437F5D2FC5BCA6335D926CA8F7A6575D86768990FA1323,US,DefaultWidevineAndroidPhone,DefaultWidevineAndroidPhone,2601:204:e000:feb0:5d5e:3d84:ad6f:7c33,California,2022-06-12T00:07:27.161Z
NFANDROID2-PRV-MSD6886602GUHDANDROIDTV-HISENHISMARTTV=A4-12683-A7E3D8830427AE590B05F642FB14CF64AC7BB7558EC27F27EC199001D04FD74D,US,Hisense  MSD6886 6.0 2G UHD Android TV Smart TV,Hisense  MSD6886 6.0 2G UHD Android TV Smart TV,2601:204:e080:9680:9482:c13d:6543:7db9,California,2022-06-11T19:58:39.068Z
NFANDROID2-PRV-MSD6886602GUHDANDROIDTV-HISENHISMARTTV=A4-12683-A7E3D8830427AE590B05F642FB14CF64AC7BB7558EC27F27EC199001D04FD74D,US,Hisense  MSD6886 6.0 2G UHD Android TV Smart TV,Hisense  MSD6886 6.0 2G UHD Android TV Smart TV,98.208.90.24,California,2022-06-11T18:07:31.045Z
NFANDROID2-PRV-MSD6886602GUHDANDROIDTV-HISENHISMARTTV=A4-12683-A7E3D8830427AE590B05F642FB14CF64AC7BB7558EC27F27EC199001D04FD74D,US,Hisense  MSD6886 6.0 2G UHD Android TV Smart TV,Hisense  MSD6886 6.0 2G UHD Android TV Smart TV,98.208.90.24,California,2022-06-08T01:46:16.805Z
NFANDROID2-PRV-MSD6886602GUHDANDROIDTV-HISENHISMARTTV=A4-12683-A7E3D8830427AE590B05F642FB14CF64AC7BB7558EC27F27EC199001D04FD74D,US,Hisense  MSD6886 6.0 2G UHD Android TV Smart TV,Hisense  MSD6886 6.0 2G UHD Android TV Smart TV,2601:204:e080:9680:81eb:c3f0:b303:12a7,California,2022-06-06T07:55:05.692Z
NFANDROID1-PRV-P-SAMSUSM-G998U-19970-0C351C3108B958B7045437F5D2FC5BCA6335D926CA8F7A6575D86768990FA1323,US,DefaultWidevineAndroidPhone,DefaultWidevineAndroidPhone,2601:204:e000:feb0:5d5e:3d84:ad6f:7c33,California,2022-06-06T02:12:16.836Z
NFANDROID2-PRV-MSD6886602GUHDANDROIDTV-HISENHISMARTTV=A4-12683-A7E3D8830427AE590B05F642FB14CF64AC7BB7558EC27F27EC199001D04FD74D,US,Hisense  MSD6886 6.0 2G UHD Android TV Smart TV,Hisense  MSD6886 6.0 2G UHD Android TV Smart TV,2601:204:e080:9680:81eb:c3f0:b303:12a7,California,2022-06-04T01:48:17.033Z
NFANDROID2-PRV-FIRETVSTICK2018-AMAZOAFTMM-17461-B3628C48FC270B37D715D4544625257F15F32CF2A2DBF750D96B401E1A888F7F,US,FireTV 4K Stick 2018,FireTV 4K Stick 2018,73.92.63.226,California,2022-06-04T00:35:38.777Z
NFANDROID2-PRV-MSD6886602GUHDANDROIDTV-HISENHISMARTTV=A4-12683-A7E3D8830427AE590B05F642FB14CF64AC7BB7558EC27F27EC199001D04FD74D,US,Hisense  MSD6886 6.0 2G UHD Android TV Smart TV,Hisense  MSD6886 6.0 2G UHD Android TV Smart TV,98.208.90.24,California,2022-06-03T05:52:20.086Z
NFANDROID2-PRV-MSD6886602GUHDANDROIDTV-HISENHISMARTTV=A4-12683-A7E3D8830427AE590B05F642FB14CF64AC7BB7558EC27F27EC199001D04FD74D,US,Hisense  MSD6886 6.0 2G UHD Android TV Smart TV,Hisense  MSD6886 6.0 2G UHD Android TV Smart TV,2601:204:e080:9680:81eb:c3f0:b303:12a7,California,2022-06-03T05:51:42.691Z
NFANDROID2-PRV-MSD6886602GUHDANDROIDTV-HISENHISMARTTV=A4-12683-A7E3D8830427AE590B05F642FB14CF64AC7BB7558EC27F27EC199001D04FD74D,US,Hisense  MSD6886 6.0 2G UHD Android TV Smart TV,Hisense  MSD6886 6.0 2G UHD Android TV Smart TV,98.208.90.24,California,2022-06-03T05:23:49.056Z
NFANDROID2-PRV-MSD6886602GUHDANDROIDTV-HISENHISMARTTV=A4-12683-A7E3D8830427AE590B05F642FB14CF64AC7BB7558EC27F27EC199001D04FD74D,US,Hisense  MSD6886 6.0 2G UHD Android TV Smart TV,Hisense  MSD6886 6.0 2G UHD Android TV Smart TV,2601:204:e080:9680:81eb:c3f0:b303:12a7,California,2022-06-03T05:23:46.922Z
NFANDROID2-PRV-MSD6886602GUHDANDROIDTV-HISENHISMARTTV=A4-12683-A7E3D8830427AE590B05F642FB14CF64AC7BB7558EC27F27EC199001D04FD74D,US,Hisense  MSD6886 6.0 2G UHD Android TV Smart TV,Hisense  MSD6886 6.0 2G UHD Android TV Smart TV,98.208.90.24,California,2022-06-03T05:23:39.397Z
NFANDROID2-PRV-MSD6886602GUHDANDROIDTV-HISENHISMARTTV=A4-12683-A7E3D8830427AE590B05F642FB14CF64AC7BB7558EC27F27EC199001D04FD74D,US,Hisense  MSD6886 6.0 2G UHD Android TV Smart TV,Hisense  MSD6886 6.0 2G UHD Android TV Smart TV,98.208.90.24,California,2022-05-30T16:10:26.097Z
NFANDROID2-PRV-MSD6886602GUHDANDROIDTV-HISENHISMARTTV=A4-12683-A7E3D8830427AE590B05F642FB14CF64AC7BB7558EC27F27EC199001D04FD74D,US,Hisense  MSD6886 6.0 2G UHD Android TV Smart TV,Hisense  MSD6886 6.0 2G UHD Android TV Smart TV,2601:204:e080:9680:a565:d7b5:e1b0:c9d0,California,2022-05-27T01:14:23.063Z
NFANDROID2-PRV-MSD6886602GUHDANDROIDTV-HISENHISMARTTV=A4-12683-A7E3D8830427AE590B05F642FB14CF64AC7BB7558EC27F27EC199001D04FD74D,US,Hisense  MSD6886 6.0 2G UHD Android TV Smart TV,Hisense  MSD6886 6.0 2G UHD Android TV Smart TV,2601:204:e080:9680:a565:d7b5:e1b0:c9d0,California,2022-05-26T03:20:48.063Z
NFANDROID2-PRV-MSD6886602GUHDANDROIDTV-HISENHISMARTTV=A4-12683-A7E3D8830427AE590B05F642FB14CF64AC7BB7558EC27F27EC199001D04FD74D,US,Hisense  MSD6886 6.0 2G UHD Android TV Smart TV,Hisense  MSD6886 6.0 2G UHD Android TV Smart TV,2601:204:e080:9680:14da:6eb:29a2:c96e,California,2022-05-18T20:02:15.520Z
NFANDROID2-PRV-MSD6886602GUHDANDROIDTV-HISENHISMARTTV=A4-12683-A7E3D8830427AE590B05F642FB14CF64AC7BB7558EC27F27EC199001D04FD74D,US,Hisense  MSD6886 6.0 2G UHD Android TV Smart TV,Hisense  MSD6886 6.0 2G UHD Android TV Smart TV,2601:204:e080:9680:14da:6eb:29a2:c96e,California,2022-05-18T03:37:07.189Z
NFUWA-001-06FD9306A7B5DB36C8355F99A962E7AF1277B02EAF7D2379A5916A53A388B7A0,US,Netflix Windows App - Cadmium Windows Mobile,Netflix Windows App - Cadmium Windows Mobile,98.208.90.24,California,2022-05-05T23:27:54.311Z
NFANDROID1-PRV-P-SAMSUSM-G998U-19970-0C351C3108B958B7045437F5D2FC5BCA6335D926CA8F7A6575D86768990FA1323,US,DefaultWidevineAndroidPhone,DefaultWidevineAndroidPhone,2601:204:e000:feb0:3561:e6c:7c9b:e73a,California,2022-05-04T23:51:46.152Z
NFANDROID2-PRV-FIRETVSTICK2018-AMAZOAFTMM-17461-B3628C48FC270B37D715D4544625257F15F32CF2A2DBF750D96B401E1A888F7F,US,FireTV 4K Stick 2018,FireTV 4K Stick 2018,73.92.63.226,California,2022-05-03T03:54:36.028Z
NFANDROID1-PRV-P-SAMSUSM-G998U-19970-0C351C3108B958B7045437F5D2FC5BCA6335D926CA8F7A6575D86768990FA1323,US,DefaultWidevineAndroidPhone,DefaultWidevineAndroidPhone,2601:204:e000:feb0:3561:e6c:7c9b:e73a,California,2022-04-19T14:09:07.202Z
NFANDROID2-PRV-FIRETVSTICK2018-AMAZOAFTMM-17461-B3628C48FC270B37D715D4544625257F15F32CF2A2DBF750D96B401E1A888F7F,US,FireTV 4K Stick 2018,FireTV 4K Stick 2018,2601:649:102:3270:d817:f8e9:75ac:a6fc,California,2022-04-17T16:49:24.434Z
NFANDROID2-PRV-FIRETVSTICK2018-AMAZOAFTMM-17461-B3628C48FC270B37D715D4544625257F15F32CF2A2DBF750D96B401E1A888F7F,US,FireTV 4K Stick 2018,FireTV 4K Stick 2018,73.92.63.226,California,2022-04-17T15:52:27.050Z
NFANDROID2-PRV-FIRETVSTICK2018-AMAZOAFTMM-17461-B3628C48FC270B37D715D4544625257F15F32CF2A2DBF750D96B401E1A888F7F,US,FireTV 4K Stick 2018,FireTV 4K Stick 2018,2601:649:102:3270:d817:f8e9:75ac:a6fc,California,2022-04-17T07:24:41.426Z
NFANDROID2-PRV-FIRETVSTICK2018-AMAZOAFTMM-17461-B3628C48FC270B37D715D4544625257F15F32CF2A2DBF750D96B401E1A888F7F,US,FireTV 4K Stick 2018,FireTV 4K Stick 2018,2601:649:102:3270:88a0:b11e:889a:e3b8,California,2022-04-17T04:53:59.137Z
NFANDROID2-PRV-FIRETVSTICK2018-AMAZOAFTMM-17461-B3628C48FC270B37D715D4544625257F15F32CF2A2DBF750D96B401E1A888F7F,US,FireTV 4K Stick 2018,FireTV 4K Stick 2018,73.92.63.226,California,2022-04-17T04:46:00.666Z
NFANDROID2-PRV-FIRETVSTICK2018-AMAZOAFTMM-17461-B3628C48FC270B37D715D4544625257F15F32CF2A2DBF750D96B401E1A888F7F,US,FireTV 4K Stick 2018,FireTV 4K Stick 2018,2601:649:102:3270:88a0:b11e:889a:e3b8,California,2022-04-17T04:45:33.551Z
NFANDROID2-PRV-FIRETVSTICK2018-AMAZOAFTMM-17461-B3628C48FC270B37D715D4544625257F15F32CF2A2DBF750D96B401E1A888F7F,US,FireTV 4K Stick 2018,FireTV 4K Stick 2018,73.92.63.226,California,2022-04-17T04:45:21.828Z
NFANDROID2-PRV-MSD6886602GUHDANDROIDTV-HISENHISMARTTV=A4-12683-A7E3D8830427AE590B05F642FB14CF64AC7BB7558EC27F27EC199001D04FD74D,US,Hisense  MSD6886 6.0 2G UHD Android TV Smart TV,Hisense  MSD6886 6.0 2G UHD Android TV Smart TV,98.208.90.24,California,2022-04-16T05:24:17.047Z
NFANDROID2-PRV-MSD6886602GUHDANDROIDTV-HISENHISMARTTV=A4-12683-A7E3D8830427AE590B05F642FB14CF64AC7BB7558EC27F27EC199001D04FD74D,US,Hisense  MSD6886 6.0 2G UHD Android TV Smart TV,Hisense  MSD6886 6.0 2G UHD Android TV Smart TV,2601:204:e080:9680:b47a:aba5:a493:7435,California,2022-04-16T03:22:38.734Z
NFANDROID2-PRV-FIRETVSTICK2018-AMAZOAFTMM-17461-B3628C48FC270B37D715D4544625257F15F32CF2A2DBF750D96B401E1A888F7F,US,FireTV 4K Stick 2018,FireTV 4K Stick 2018,2601:649:102:3270:8550:2384:b8cf:1606,California,2022-04-16T02:07:44.778Z
NFANDROID2-PRV-FIRETVSTICK2018-AMAZOAFTMM-17461-B3628C48FC270B37D715D4544625257F15F32CF2A2DBF750D96B401E1A888F7F,US,FireTV 4K Stick 2018,FireTV 4K Stick 2018,73.92.63.226,California,2022-04-16T02:03:47.307Z
NFANDROID2-PRV-FIRETVSTICK2018-AMAZOAFTMM-17461-B3628C48FC270B37D715D4544625257F15F32CF2A2DBF750D96B401E1A888F7F,US,FireTV 4K Stick 2018,FireTV 4K Stick 2018,2601:649:102:3270:8550:2384:b8cf:1606,California,2022-04-15T07:00:37.379Z
NFANDROID2-PRV-FIRETVSTICK2018-AMAZOAFTMM-17461-B3628C48FC270B37D715D4544625257F15F32CF2A2DBF750D96B401E1A888F7F,US,FireTV 4K Stick 2018,FireTV 4K Stick 2018,2601:649:102:3270:8d5a:8eb0:2181:54d1,California,2022-04-15T05:38:14.158Z
NFANDROID2-PRV-FIRETVSTICK2018-AMAZOAFTMM-17461-B3628C48FC270B37D715D4544625257F15F32CF2A2DBF750D96B401E1A888F7F,US,FireTV 4K Stick 2018,FireTV 4K Stick 2018,73.92.63.226,California,2022-04-15T05:14:00.162Z
NFANDROID2-PRV-FIRETVSTICK2018-AMAZOAFTMM-17461-B3628C48FC270B37D715D4544625257F15F32CF2A2DBF750D96B401E1A888F7F,US,FireTV 4K Stick 2018,FireTV 4K Stick 2018,2601:649:102:3270:8d5a:8eb0:2181:54d1,California,2022-04-15T05:13:40.051Z
NFANDROID2-PRV-MSD6886602GUHDANDROIDTV-HISENHISMARTTV=A4-12683-A7E3D8830427AE590B05F642FB14CF64AC7BB7558EC27F27EC199001D04FD74D,US,Hisense  MSD6886 6.0 2G UHD Android TV Smart TV,Hisense  MSD6886 6.0 2G UHD Android TV Smart TV,98.208.90.24,California,2022-04-15T04:41:31.255Z
NFUWA-001-06FD9306A7B5DB36C8355F99A962E7AF1277B02EAF7D2379A5916A53A388B7A0,US,Netflix Windows App - Cadmium Windows Mobile,Netflix Windows App - Cadmium Windows Mobile,2601:204:e080:9680:a819:59b:c7b8:ea0,California,2022-04-14T16:07:38.971Z
NFANDROID2-PRV-MSD6886602GUHDANDROIDTV-HISENHISMARTTV=A4-12683-A7E3D8830427AE590B05F642FB14CF64AC7BB7558EC27F27EC199001D04FD74D,US,Hisense  MSD6886 6.0 2G UHD Android TV Smart TV,Hisense  MSD6886 6.0 2G UHD Android TV Smart TV,2601:204:e080:9680:e814:cac1:e837:c6ae,California,2022-04-09T05:11:30.421Z
NFANDROID2-PRV-MSD6886602GUHDANDROIDTV-HISENHISMARTTV=A4-12683-A7E3D8830427AE590B05F642FB14CF64AC7BB7558EC27F27EC199001D04FD74D,US,Hisense  MSD6886 6.0 2G UHD Android TV Smart TV,Hisense  MSD6886 6.0 2G UHD Android TV Smart TV,2601:204:e080:9680:ad4e:26b8:650c:f632,California,2022-04-09T05:11:28.219Z
NFANDROID2-PRV-MSD6886602GUHDANDROIDTV-HISENHISMARTTV=A4-12683-A7E3D8830427AE590B05F642FB14CF64AC7BB7558EC27F27EC199001D04FD74D,US,Hisense  MSD6886 6.0 2G UHD Android TV Smart TV,Hisense  MSD6886 6.0 2G UHD Android TV Smart TV,2601:204:e080:9680:e814:cac1:e837:c6ae,California,2022-04-09T05:11:24.881Z
NFANDROID2-PRV-MSD6886602GUHDANDROIDTV-HISENHISMARTTV=A4-12683-A7E3D8830427AE590B05F642FB14CF64AC7BB7558EC27F27EC199001D04FD74D,US,Hisense  MSD6886 6.0 2G UHD Android TV Smart TV,Hisense  MSD6886 6.0 2G UHD Android TV Smart TV,2601:204:e080:9680:ad4e:26b8:650c:f632,California,2022-04-09T05:11:19.851Z
NFANDROID2-PRV-MSD6886602GUHDANDROIDTV-HISENHISMARTTV=A4-12683-A7E3D8830427AE590B05F642FB14CF64AC7BB7558EC27F27EC199001D04FD74D,US,Hisense  MSD6886 6.0 2G UHD Android TV Smart TV,Hisense  MSD6886 6.0 2G UHD Android TV Smart TV,2601:204:e080:9680:e814:cac1:e837:c6ae,California,2022-04-09T05:11:14.461Z
NFANDROID2-PRV-MSD6886602GUHDANDROIDTV-HISENHISMARTTV=A4-12683-A7E3D8830427AE590B05F642FB14CF64AC7BB7558EC27F27EC199001D04FD74D,US,Hisense  MSD6886 6.0 2G UHD Android TV Smart TV,Hisense  MSD6886 6.0 2G UHD Android TV Smart TV,2601:204:e080:9680:ad4e:26b8:650c:f632,California,2022-04-09T05:11:09.291Z
NFANDROID2-PRV-MSD6886602GUHDANDROIDTV-HISENHISMARTTV=A4-12683-A7E3D8830427AE590B05F642FB14CF64AC7BB7558EC27F27EC199001D04FD74D,US,Hisense  MSD6886 6.0 2G UHD Android TV Smart TV,Hisense  MSD6886 6.0 2G UHD Android TV Smart TV,2601:204:e080:9680:e814:cac1:e837:c6ae,California,2022-04-09T05:11:06.523Z
NFANDROID2-PRV-MSD6886602GUHDANDROIDTV-HISENHISMARTTV=A4-12683-A7E3D8830427AE590B05F642FB14CF64AC7BB7558EC27F27EC199001D04FD74D,US,Hisense  MSD6886 6.0 2G UHD Android TV Smart TV,Hisense  MSD6886 6.0 2G UHD Android TV Smart TV,2601:204:e080:9680:ad4e:26b8:650c:f632,California,2022-04-09T05:10:51.002Z
NFANDROID2-PRV-MSD6886602GUHDANDROIDTV-HISENHISMARTTV=A4-12683-A7E3D8830427AE590B05F642FB14CF64AC7BB7558EC27F27EC199001D04FD74D,US,Hisense  MSD6886 6.0 2G UHD Android TV Smart TV,Hisense  MSD6886 6.0 2G UHD Android TV Smart TV,2601:204:e080:9680:e814:cac1:e837:c6ae,California,2022-04-09T05:10:49.169Z
NFANDROID2-PRV-MSD6886602GUHDANDROIDTV-HISENHISMARTTV=A4-12683-A7E3D8830427AE590B05F642FB14CF64AC7BB7558EC27F27EC199001D04FD74D,US,Hisense  MSD6886 6.0 2G UHD Android TV Smart TV,Hisense  MSD6886 6.0 2G UHD Android TV Smart TV,2601:204:e080:9680:ad4e:26b8:650c:f632,California,2022-04-09T05:10:24.281Z
NFANDROID2-PRV-MSD6886602GUHDANDROIDTV-HISENHISMARTTV=A4-12683-A7E3D8830427AE590B05F642FB14CF64AC7BB7558EC27F27EC199001D04FD74D,US,Hisense  MSD6886 6.0 2G UHD Android TV Smart TV,Hisense  MSD6886 6.0 2G UHD Android TV Smart TV,2601:204:e080:9680:e814:cac1:e837:c6ae,California,2022-04-09T05:10:21.112Z
NFANDROID2-PRV-MSD6886602GUHDANDROIDTV-HISENHISMARTTV=A4-12683-A7E3D8830427AE590B05F642FB14CF64AC7BB7558EC27F27EC199001D04FD74D,US,Hisense  MSD6886 6.0 2G UHD Android TV Smart TV,Hisense  MSD6886 6.0 2G UHD Android TV Smart TV,2601:204:e080:9680:ad4e:26b8:650c:f632,California,2022-04-09T03:01:51.018Z
NFUWA-001-06FD9306A7B5DB36C8355F99A962E7AF1277B02EAF7D2379A5916A53A388B7A0,US,Netflix Windows App - Cadmium Windows Mobile,Netflix Windows App - Cadmium Windows Mobile,98.208.90.24,California,2022-04-08T16:27:20.095Z
NFANDROID2-PRV-MSD6886602GUHDANDROIDTV-HISENHISMARTTV=A4-12683-A7E3D8830427AE590B05F642FB14CF64AC7BB7558EC27F27EC199001D04FD74D,US,Hisense  MSD6886 6.0 2G UHD Android TV Smart TV,Hisense  MSD6886 6.0 2G UHD Android TV Smart TV,2601:204:e080:9680:ad4e:26b8:650c:f632,California,2022-04-08T01:51:44.151Z
NFANDROID2-PRV-MSD6886602GUHDANDROIDTV-HISENHISMARTTV=A4-12683-A7E3D8830427AE590B05F642FB14CF64AC7BB7558EC27F27EC199001D04FD74D,US,Hisense  MSD6886 6.0 2G UHD Android TV Smart TV,Hisense  MSD6886 6.0 2G UHD Android TV Smart TV,98.208.90.24,California,2022-04-07T20:25:12.050Z
NFANDROID2-PRV-MSD6886602GUHDANDROIDTV-HISENHISMARTTV=A4-12683-A7E3D8830427AE590B05F642FB14CF64AC7BB7558EC27F27EC199001D04FD74D,US,Hisense  MSD6886 6.0 2G UHD Android TV Smart TV,Hisense  MSD6886 6.0 2G UHD Android TV Smart TV,2601:204:e080:9680:ad4e:26b8:650c:f632,California,2022-04-07T20:25:05.970Z
NFANDROID2-PRV-MSD6886602GUHDANDROIDTV-HISENHISMARTTV=A4-12683-A7E3D8830427AE590B05F642FB14CF64AC7BB7558EC27F27EC199001D04FD74D,US,Hisense  MSD6886 6.0 2G UHD Android TV Smart TV,Hisense  MSD6886 6.0 2G UHD Android TV Smart TV,2601:204:e080:9680:5cb8:7681:f6af:707e,California,2022-04-06T04:14:07.981Z
NFANDROID2-PRV-MSD6886602GUHDANDROIDTV-HISENHISMARTTV=A4-12683-A7E3D8830427AE590B05F642FB14CF64AC7BB7558EC27F27EC199001D04FD74D,US,Hisense  MSD6886 6.0 2G UHD Android TV Smart TV,Hisense  MSD6886 6.0 2G UHD Android TV Smart TV,98.208.90.24,California,2022-04-06T03:30:25.624Z
NFANDROID2-PRV-MSD6886602GUHDANDROIDTV-HISENHISMARTTV=A4-12683-A7E3D8830427AE590B05F642FB14CF64AC7BB7558EC27F27EC199001D04FD74D,US,Hisense  MSD6886 6.0 2G UHD Android TV Smart TV,Hisense  MSD6886 6.0 2G UHD Android TV Smart TV,2601:204:e080:9680:5cb8:7681:f6af:707e,California,2022-04-06T03:30:23.228Z
NFANDROID2-PRV-MSD6886602GUHDANDROIDTV-HISENHISMARTTV=A4-12683-A7E3D8830427AE590B05F642FB14CF64AC7BB7558EC27F27EC199001D04FD74D,US,Hisense  MSD6886 6.0 2G UHD Android TV Smart TV,Hisense  MSD6886 6.0 2G UHD Android TV Smart TV,98.208.90.24,California,2022-04-06T03:28:58.868Z
NFANDROID1-PRV-P-SAMSUSM-G998U-19970-0C351C3108B958B7045437F5D2FC5BCA6335D926CA8F7A6575D86768990FA1323,US,DefaultWidevineAndroidPhone,DefaultWidevineAndroidPhone,2601:204:e000:feb0:e8da:77c:264a:fba,California,2022-04-05T22:43:55.880Z
NFANDROID2-PRV-MSD6886602GUHDANDROIDTV-HISENHISMARTTV=A4-12683-A7E3D8830427AE590B05F642FB14CF64AC7BB7558EC27F27EC199001D04FD74D,US,Hisense  MSD6886 6.0 2G UHD Android TV Smart TV,Hisense  MSD6886 6.0 2G UHD Android TV Smart TV,2601:204:e080:9680:21b1:b90c:d940:e35,California,2022-03-29T05:08:30.049Z
NFANDROID2-PRV-MSD6886602GUHDANDROIDTV-HISENHISMARTTV=A4-12683-A7E3D8830427AE590B05F642FB14CF64AC7BB7558EC27F27EC199001D04FD74D,US,Hisense  MSD6886 6.0 2G UHD Android TV Smart TV,Hisense  MSD6886 6.0 2G UHD Android TV Smart TV,98.208.90.24,California,2022-03-29T03:22:56.054Z
NFANDROID2-PRV-MSD6886602GUHDANDROIDTV-HISENHISMARTTV=A4-12683-A7E3D8830427AE590B05F642FB14CF64AC7BB7558EC27F27EC199001D04FD74D,US,Hisense  MSD6886 6.0 2G UHD Android TV Smart TV,Hisense  MSD6886 6.0 2G UHD Android TV Smart TV,2601:204:e080:9680:21b1:b90c:d940:e35,California,2022-03-28T20:50:29.047Z
NFANDROID1-PRV-P-SAMSUSM-G998U-19970-0C351C3108B958B7045437F5D2FC5BCA6335D926CA8F7A6575D86768990FA1323,US,DefaultWidevineAndroidPhone,DefaultWidevineAndroidPhone,2601:204:e000:feb0:e8da:77c:264a:fba,California,2022-03-28T14:05:57.241Z
NFANDROID2-PRV-MSD6886602GUHDANDROIDTV-HISENHISMARTTV=A4-12683-A7E3D8830427AE590B05F642FB14CF64AC7BB7558EC27F27EC199001D04FD74D,US,Hisense  MSD6886 6.0 2G UHD Android TV Smart TV,Hisense  MSD6886 6.0 2G UHD Android TV Smart TV,98.208.90.24,California,2022-03-28T04:32:59.158Z
NFANDROID2-PRV-MSD6886602GUHDANDROIDTV-HISENHISMARTTV=A4-12683-A7E3D8830427AE590B05F642FB14CF64AC7BB7558EC27F27EC199001D04FD74D,US,Hisense  MSD6886 6.0 2G UHD Android TV Smart TV,Hisense  MSD6886 6.0 2G UHD Android TV Smart TV,2601:204:e080:9680:21b1:b90c:d940:e35,California,2022-03-28T04:32:47.796Z
NFANDROID2-PRV-MSD6886602GUHDANDROIDTV-HISENHISMARTTV=A4-12683-A7E3D8830427AE590B05F642FB14CF64AC7BB7558EC27F27EC199001D04FD74D,US,Hisense  MSD6886 6.0 2G UHD Android TV Smart TV,Hisense  MSD6886 6.0 2G UHD Android TV Smart TV,98.208.90.24,California,2022-03-28T04:32:04.308Z
NFANDROID2-PRV-MSD6886602GUHDANDROIDTV-HISENHISMARTTV=A4-12683-A7E3D8830427AE590B05F642FB14CF64AC7BB7558EC27F27EC199001D04FD74D,US,Hisense  MSD6886 6.0 2G UHD Android TV Smart TV,Hisense  MSD6886 6.0 2G UHD Android TV Smart TV,2601:204:e080:9680:21b1:b90c:d940:e35,California,2022-03-28T03:47:53.367Z
NFANDROID2-PRV-MSD6886602GUHDANDROIDTV-HISENHISMARTTV=A4-12683-A7E3D8830427AE590B05F642FB14CF64AC7BB7558EC27F27EC199001D04FD74D,US,Hisense  MSD6886 6.0 2G UHD Android TV Smart TV,Hisense  MSD6886 6.0 2G UHD Android TV Smart TV,98.208.90.24,California,2022-03-28T03:04:39.773Z
NFANDROID2-PRV-MSD6886602GUHDANDROIDTV-HISENHISMARTTV=A4-12683-A7E3D8830427AE590B05F642FB14CF64AC7BB7558EC27F27EC199001D04FD74D,US,Hisense  MSD6886 6.0 2G UHD Android TV Smart TV,Hisense  MSD6886 6.0 2G UHD Android TV Smart TV,2601:204:e080:9680:21b1:b90c:d940:e35,California,2022-03-28T03:04:37.986Z
NFANDROID2-PRV-MSD6886602GUHDANDROIDTV-HISENHISMARTTV=A4-12683-A7E3D8830427AE590B05F642FB14CF64AC7BB7558EC27F27EC199001D04FD74D,US,Hisense  MSD6886 6.0 2G UHD Android TV Smart TV,Hisense  MSD6886 6.0 2G UHD Android TV Smart TV,98.208.90.24,California,2022-03-28T03:04:08.613Z
NFANDROID2-PRV-FIRETVSTICK2018-AMAZOAFTMM-17461-B3628C48FC270B37D715D4544625257F15F32CF2A2DBF750D96B401E1A888F7F,US,FireTV 4K Stick 2018,FireTV 4K Stick 2018,2601:649:102:3270:884:9382:1aa1:9378,California,2022-03-24T02:35:54.978Z
NFANDROID2-PRV-FIRETVSTICK2018-AMAZOAFTMM-17461-B3628C48FC270B37D715D4544625257F15F32CF2A2DBF750D96B401E1A888F7F,US,FireTV 4K Stick 2018,FireTV 4K Stick 2018,73.92.63.226,California,2022-03-24T01:51:58.038Z
NFAPPL-01-IPAD11=6-193DAB34ACDA31403FA4ECB5A56CF9F11A90C78666279F0A0B89FB944F3ADE14,US,Apple iPad 10.2 inch 8th Gen Wi-Fi iPad,Apple iPad 10.2 inch 8th Gen Wi-Fi iPad,2601:204:e000:feb0:48d9:fbb0:c325:e9e0,California,2022-03-22T07:13:57.743Z
NFANDROID2-PRV-MSD6886602GUHDANDROIDTV-HISENHISMARTTV=A4-12683-A7E3D8830427AE590B05F642FB14CF64AC7BB7558EC27F27EC199001D04FD74D,US,Hisense  MSD6886 6.0 2G UHD Android TV Smart TV,Hisense  MSD6886 6.0 2G UHD Android TV Smart TV,2601:204:e080:9680:5827:926a:c2fa:965a,California,2022-03-22T00:53:28.935Z
RKU-CXXXXDX00100FJXUFN,US,Roku TV CXXXX,TCL Malone DV Smart TV,98.208.90.24,California,2022-03-21T05:19:58.018Z
NFANDROID2-PRV-MSD6886602GUHDANDROIDTV-HISENHISMARTTV=A4-12683-A7E3D8830427AE590B05F642FB14CF64AC7BB7558EC27F27EC199001D04FD74D,US,Hisense  MSD6886 6.0 2G UHD Android TV Smart TV,Hisense  MSD6886 6.0 2G UHD Android TV Smart TV,2601:204:e080:9680:f15b:8814:28a5:c95,California,2022-03-21T04:03:57.281Z
NFANDROID2-PRV-MSD6886602GUHDANDROIDTV-HISENHISMARTTV=A4-12683-A7E3D8830427AE590B05F642FB14CF64AC7BB7558EC27F27EC199001D04FD74D,US,Hisense  MSD6886 6.0 2G UHD Android TV Smart TV,Hisense  MSD6886 6.0 2G UHD Android TV Smart TV,98.208.90.24,California,2022-03-20T04:40:49.618Z
NFANDROID2-PRV-MSD6886602GUHDANDROIDTV-HISENHISMARTTV=A4-12683-A7E3D8830427AE590B05F642FB14CF64AC7BB7558EC27F27EC199001D04FD74D,US,Hisense  MSD6886 6.0 2G UHD Android TV Smart TV,Hisense  MSD6886 6.0 2G UHD Android TV Smart TV,2601:204:e080:9680:f15b:8814:28a5:c95,California,2022-03-20T01:36:24.506Z
NFANDROID2-PRV-MSD6886602GUHDANDROIDTV-HISENHISMARTTV=A4-12683-A7E3D8830427AE590B05F642FB14CF64AC7BB7558EC27F27EC199001D04FD74D,US,Hisense  MSD6886 6.0 2G UHD Android TV Smart TV,Hisense  MSD6886 6.0 2G UHD Android TV Smart TV,2601:204:e080:9680:dde0:8376:e99a:3979,California,2022-03-16T04:07:57.140Z
NFANDROID2-PRV-MSD6886602GUHDANDROIDTV-HISENHISMARTTV=A4-12683-A7E3D8830427AE590B05F642FB14CF64AC7BB7558EC27F27EC199001D04FD74D,US,Hisense  MSD6886 6.0 2G UHD Android TV Smart TV,Hisense  MSD6886 6.0 2G UHD Android TV Smart TV,98.208.90.24,California,2022-03-16T03:28:33.044Z
NFANDROID2-PRV-FIRETVSTICK2018-AMAZOAFTMM-17461-B3628C48FC270B37D715D4544625257F15F32CF2A2DBF750D96B401E1A888F7F,US,FireTV 4K Stick 2018,FireTV 4K Stick 2018,2601:649:102:3270:1062:833:6a5b:3b07,California,2022-03-14T02:15:44.471Z
NFANDROID2-PRV-FIRETVSTICK2018-AMAZOAFTMM-17461-B3628C48FC270B37D715D4544625257F15F32CF2A2DBF750D96B401E1A888F7F,US,FireTV 4K Stick 2018,FireTV 4K Stick 2018,73.92.63.226,California,2022-03-14T01:21:47.781Z
NFANDROID2-PRV-FIRETVSTICK2018-AMAZOAFTMM-17461-B3628C48FC270B37D715D4544625257F15F32CF2A2DBF750D96B401E1A888F7F,US,FireTV 4K Stick 2018,FireTV 4K Stick 2018,2601:649:102:3270:fdda:63b5:8e3d:87b7,California,2022-03-08T08:42:26.429Z
NFANDROID2-PRV-FIRETVSTICK2018-AMAZOAFTMM-17461-B3628C48FC270B37D715D4544625257F15F32CF2A2DBF750D96B401E1A888F7F,US,FireTV 4K Stick 2018,FireTV 4K Stick 2018,73.92.63.226,California,2022-03-08T07:43:24.036Z
NFANDROID2-PRV-MSD6886602GUHDANDROIDTV-HISENHISMARTTV=A4-12683-A7E3D8830427AE590B05F642FB14CF64AC7BB7558EC27F27EC199001D04FD74D,US,Hisense  MSD6886 6.0 2G UHD Android TV Smart TV,Hisense  MSD6886 6.0 2G UHD Android TV Smart TV,2601:204:e080:9680:1c6c:4730:cbfd:461e,California,2022-03-08T03:17:56.416Z
NFANDROID2-PRV-FIRETVSTICK2018-AMAZOAFTMM-17461-B3628C48FC270B37D715D4544625257F15F32CF2A2DBF750D96B401E1A888F7F,US,FireTV 4K Stick 2018,FireTV 4K Stick 2018,2601:649:102:3270:fdda:63b5:8e3d:87b7,California,2022-03-07T15:18:19.059Z
NFANDROID2-PRV-FIRETVSTICK2018-AMAZOAFTMM-17461-B3628C48FC270B37D715D4544625257F15F32CF2A2DBF750D96B401E1A888F7F,US,FireTV 4K Stick 2018,FireTV 4K Stick 2018,2601:649:102:3270:f08b:62ee:5314:37a2,California,2022-03-07T06:04:13.549Z
NFANDROID2-PRV-MSD6886602GUHDANDROIDTV-HISENHISMARTTV=A4-12683-A7E3D8830427AE590B05F642FB14CF64AC7BB7558EC27F27EC199001D04FD74D,US,Hisense  MSD6886 6.0 2G UHD Android TV Smart TV,Hisense  MSD6886 6.0 2G UHD Android TV Smart TV,2601:204:e080:9680:1c6c:4730:cbfd:461e,California,2022-03-07T00:06:22.569Z
NFANDROID2-PRV-FIRETVSTICK2018-AMAZOAFTMM-17461-B3628C48FC270B37D715D4544625257F15F32CF2A2DBF750D96B401E1A888F7F,US,FireTV 4K Stick 2018,FireTV 4K Stick 2018,2601:649:102:3270:29aa:56dd:31f3:99c5,California,2022-03-06T04:17:28.210Z
NFANDROID2-PRV-FIRETVSTICK2018-AMAZOAFTMM-17461-B3628C48FC270B37D715D4544625257F15F32CF2A2DBF750D96B401E1A888F7F,US,FireTV 4K Stick 2018,FireTV 4K Stick 2018,2601:649:102:3270:29aa:56dd:31f3:99c5,California,2022-03-05T10:23:05.873Z
NFANDROID2-PRV-FIRETVSTICK2018-AMAZOAFTMM-17461-B3628C48FC270B37D715D4544625257F15F32CF2A2DBF750D96B401E1A888F7F,US,FireTV 4K Stick 2018,FireTV 4K Stick 2018,2601:649:102:3270:e879:d33a:6bb6:4c87,California,2022-03-05T04:55:28.971Z
NFANDROID2-PRV-FIRETVSTICK2018-AMAZOAFTMM-17461-B3628C48FC270B37D715D4544625257F15F32CF2A2DBF750D96B401E1A888F7F,US,FireTV 4K Stick 2018,FireTV 4K Stick 2018,73.92.63.226,California,2022-03-05T03:21:01.409Z
NFUWA-001-06FD9306A7B5DB36C8355F99A962E7AF1277B02EAF7D2379A5916A53A388B7A0,US,Netflix Windows App - Cadmium Windows Mobile,Netflix Windows App - Cadmium Windows Mobile,2601:204:e080:9680:c802:9b13:102a:42d6,California,2022-03-02T18:21:51.238Z
NFANDROID2-PRV-FIRETVSTICK2018-AMAZOAFTMM-17461-B3628C48FC270B37D715D4544625257F15F32CF2A2DBF750D96B401E1A888F7F,US,FireTV 4K Stick 2018,FireTV 4K Stick 2018,2601:649:102:3270:d03c:f297:7d6e:d6dc,California,2022-03-02T02:39:13.014Z
NFANDROID2-PRV-MSD6886602GUHDANDROIDTV-HISENHISMARTTV=A4-12683-A7E3D8830427AE590B05F642FB14CF64AC7BB7558EC27F27EC199001D04FD74D,US,Hisense  MSD6886 6.0 2G UHD Android TV Smart TV,Hisense  MSD6886 6.0 2G UHD Android TV Smart TV,2601:204:e080:9680:56d:1934:4a4a:34b1,California,2022-03-02T02:04:41.649Z
NFUWA-001-06FD9306A7B5DB36C8355F99A962E7AF1277B02EAF7D2379A5916A53A388B7A0,US,Netflix Windows App - Cadmium Windows Mobile,Netflix Windows App - Cadmium Windows Mobile,2601:204:e080:9680:a1d1:460a:fb2c:6787,California,2022-03-01T22:18:19.797Z
NFANDROID2-PRV-FIRETVSTICK2018-AMAZOAFTMM-17461-B3628C48FC270B37D715D4544625257F15F32CF2A2DBF750D96B401E1A888F7F,US,FireTV 4K Stick 2018,FireTV 4K Stick 2018,2601:649:102:3270:28c5:cf6c:d1ea:b8f9,California,2022-03-01T22:02:52.852Z
NFANDROID2-PRV-FIRETVSTICK2018-AMAZOAFTMM-17461-B3628C48FC270B37D715D4544625257F15F32CF2A2DBF750D96B401E1A888F7F,US,FireTV 4K Stick 2018,FireTV 4K Stick 2018,73.92.63.226,California,2022-03-01T20:59:55.038Z
NFUWA-001-06FD9306A7B5DB36C8355F99A962E7AF1277B02EAF7D2379A5916A53A388B7A0,US,Netflix Windows App - Cadmium Windows Mobile,Netflix Windows App - Cadmium Windows Mobile,2601:204:e080:9680:2445:db13:96ae:9b,California,2022-03-01T16:33:50.390Z
NFUWA-001-06FD9306A7B5DB36C8355F99A962E7AF1277B02EAF7D2379A5916A53A388B7A0,US,Netflix Windows App - Cadmium Windows Mobile,Netflix Windows App - Cadmium Windows Mobile,98.208.90.24,California,2022-03-01T00:33:12.653Z
NFUWA-001-06FD9306A7B5DB36C8355F99A962E7AF1277B02EAF7D2379A5916A53A388B7A0,US,Netflix Windows App - Cadmium Windows Mobile,Netflix Windows App - Cadmium Windows Mobile,2601:204:e080:9680:acf6:354d:d0b0:fa80,California,2022-02-28T22:23:53.441Z
NFUWA-001-06FD9306A7B5DB36C8355F99A962E7AF1277B02EAF7D2379A5916A53A388B7A0,US,Netflix Windows App - Cadmium Windows Mobile,Netflix Windows App - Cadmium Windows Mobile,98.208.90.24,California,2022-02-28T22:22:21.989Z
NFUWA-001-06FD9306A7B5DB36C8355F99A962E7AF1277B02EAF7D2379A5916A53A388B7A0,US,Netflix Windows App - Cadmium Windows Mobile,Netflix Windows App - Cadmium Windows Mobile,2601:204:e080:9680:507d:56f:1d67:758c,California,2022-02-28T18:17:09.400Z
NFUWA-001-06FD9306A7B5DB36C8355F99A962E7AF1277B02EAF7D2379A5916A53A388B7A0,US,Netflix Windows App - Cadmium Windows Mobile,Netflix Windows App - Cadmium Windows Mobile,98.208.90.24,California,2022-02-28T17:38:38.692Z
NFANDROID1-PRV-P-SAMSUSM-G998U-19970-0C351C3108B958B7045437F5D2FC5BCA6335D926CA8F7A6575D86768990FA1323,US,DefaultWidevineAndroidPhone,DefaultWidevineAndroidPhone,2601:204:e000:feb0:e4d1:bdf1:101a:9901,California,2022-02-19T04:36:25.275Z
NFANDROID2-PRV-MSD6886602GUHDANDROIDTV-HISENHISMARTTV=A4-12683-A7E3D8830427AE590B05F642FB14CF64AC7BB7558EC27F27EC199001D04FD74D,US,Hisense  MSD6886 6.0 2G UHD Android TV Smart TV,Hisense  MSD6886 6.0 2G UHD Android TV Smart TV,2601:204:e080:9680:69bd:a258:7926:f842,California,2022-02-17T21:14:51.722Z
NFANDROID2-PRV-MSD6886602GUHDANDROIDTV-HISENHISMARTTV=A4-12683-A7E3D8830427AE590B05F642FB14CF64AC7BB7558EC27F27EC199001D04FD74D,US,Hisense  MSD6886 6.0 2G UHD Android TV Smart TV,Hisense  MSD6886 6.0 2G UHD Android TV Smart TV,2601:204:e080:9680:d942:1e5a:b09d:f819,California,2022-02-17T03:43:31.249Z
NFUWA-001-06FD9306A7B5DB36C8355F99A962E7AF1277B02EAF7D2379A5916A53A388B7A0,US,Netflix Windows App - Cadmium Windows Mobile,Netflix Windows App - Cadmium Windows Mobile,98.208.90.24,California,2022-02-16T19:00:48.726Z
NFUWA-001-06FD9306A7B5DB36C8355F99A962E7AF1277B02EAF7D2379A5916A53A388B7A0,US,Netflix Windows App - Cadmium Windows Mobile,Netflix Windows App - Cadmium Windows Mobile,2601:204:e080:9680:dd1:c88c:a7a3:2eda,California,2022-02-16T17:56:13.870Z
NFANDROID2-PRV-MSD6886602GUHDANDROIDTV-HISENHISMARTTV=A4-12683-A7E3D8830427AE590B05F642FB14CF64AC7BB7558EC27F27EC199001D04FD74D,US,Hisense  MSD6886 6.0 2G UHD Android TV Smart TV,Hisense  MSD6886 6.0 2G UHD Android TV Smart TV,2601:204:e080:9680:d942:1e5a:b09d:f819,California,2022-02-16T05:16:11.410Z
NFANDROID2-PRV-MSD6886602GUHDANDROIDTV-HISENHISMARTTV=A4-12683-A7E3D8830427AE590B05F642FB14CF64AC7BB7558EC27F27EC199001D04FD74D,US,Hisense  MSD6886 6.0 2G UHD Android TV Smart TV,Hisense  MSD6886 6.0 2G UHD Android TV Smart TV,2601:204:e080:9680:f9b9:488f:31c0:abf4,California,2022-02-15T21:41:15.508Z
CMCSTX1005-000D010D033E31C4-E03717DA5415,US,Comcast X1 ARM 4K MVPD STB,Comcast X1 ARM 4K MVPD STB,71.195.176.75,California,2022-02-15T04:40:01.418Z
NFANDROID2-PRV-MSD6886602GUHDANDROIDTV-HISENHISMARTTV=A4-12683-A7E3D8830427AE590B05F642FB14CF64AC7BB7558EC27F27EC199001D04FD74D,US,Hisense  MSD6886 6.0 2G UHD Android TV Smart TV,Hisense  MSD6886 6.0 2G UHD Android TV Smart TV,98.208.90.24,California,2022-02-15T03:46:23.041Z
NFANDROID2-PRV-MSD6886602GUHDANDROIDTV-HISENHISMARTTV=A4-12683-A7E3D8830427AE590B05F642FB14CF64AC7BB7558EC27F27EC199001D04FD74D,US,Hisense  MSD6886 6.0 2G UHD Android TV Smart TV,Hisense  MSD6886 6.0 2G UHD Android TV Smart TV,2601:204:e080:9680:5c61:c131:bf7c:dfff,California,2022-02-12T20:34:19.926Z
NFANDROID2-PRV-MSD6886602GUHDANDROIDTV-HISENHISMARTTV=A4-12683-A7E3D8830427AE590B05F642FB14CF64AC7BB7558EC27F27EC199001D04FD74D,US,Hisense  MSD6886 6.0 2G UHD Android TV Smart TV,Hisense  MSD6886 6.0 2G UHD Android TV Smart TV,2601:204:e080:9680:5c61:c131:bf7c:dfff,California,2022-02-12T05:31:54.060Z
NFANDROID2-PRV-MSD6886602GUHDANDROIDTV-HISENHISMARTTV=A4-12683-A7E3D8830427AE590B05F642FB14CF64AC7BB7558EC27F27EC199001D04FD74D,US,Hisense  MSD6886 6.0 2G UHD Android TV Smart TV,Hisense  MSD6886 6.0 2G UHD Android TV Smart TV,98.208.90.24,California,2022-02-12T04:30:08.305Z
NFANDROID2-PRV-MSD6886602GUHDANDROIDTV-HISENHISMARTTV=A4-12683-A7E3D8830427AE590B05F642FB14CF64AC7BB7558EC27F27EC199001D04FD74D,US,Hisense  MSD6886 6.0 2G UHD Android TV Smart TV,Hisense  MSD6886 6.0 2G UHD Android TV Smart TV,2601:204:e080:9680:5c61:c131:bf7c:dfff,California,2022-02-10T21:32:50.558Z
NFANDROID1-PRV-P-SAMSUSM-G998U-19970-0C351C3108B958B7045437F5D2FC5BCA6335D926CA8F7A6575D86768990FA1323,US,DefaultWidevineAndroidPhone,DefaultWidevineAndroidPhone,2601:204:e000:feb0:89f3:9ca8:18ca:3aa7,California,2022-02-10T04:54:29.763Z
NFANDROID2-PRV-MSD6886602GUHDANDROIDTV-HISENHISMARTTV=A4-12683-A7E3D8830427AE590B05F642FB14CF64AC7BB7558EC27F27EC199001D04FD74D,US,Hisense  MSD6886 6.0 2G UHD Android TV Smart TV,Hisense  MSD6886 6.0 2G UHD Android TV Smart TV,2601:204:e080:9680:5c61:c131:bf7c:dfff,California,2022-02-08T21:05:14.046Z
NFANDROID1-PRV-P-SAMSUSM-G998U-19970-0C351C3108B958B7045437F5D2FC5BCA6335D926CA8F7A6575D86768990FA1323,US,DefaultWidevineAndroidPhone,DefaultWidevineAndroidPhone,2601:204:e000:feb0:89f3:9ca8:18ca:3aa7,California,2022-02-04T15:50:56.030Z
RKU-CXXXXDX00100FJXUFN,US,Roku TV CXXXX,TCL Malone DV Smart TV,71.195.176.75,California,2022-01-27T17:13:18.224Z
NFANDROID1-PRV-P-SAMSUSM-G998U-19970-0C351C3108B958B7045437F5D2FC5BCA6335D926CA8F7A6575D86768990FA1323,US,DefaultWidevineAndroidPhone,DefaultWidevineAndroidPhone,2601:204:e000:feb0:848f:6941:bad5:cd47,California,2022-01-19T16:22:40.808Z
NFANDROID2-PRV-FIRETVSTICK2018-AMAZOAFTMM-17461-B3628C48FC270B37D715D4544625257F15F32CF2A2DBF750D96B401E1A888F7F,US,FireTV 4K Stick 2018,FireTV 4K Stick 2018,2601:649:102:3270:4df2:fd2f:a41a:9480,California,2022-01-11T07:17:36.370Z
NFANDROID2-PRV-FIRETVSTICK2018-AMAZOAFTMM-17461-B3628C48FC270B37D715D4544625257F15F32CF2A2DBF750D96B401E1A888F7F,US,FireTV 4K Stick 2018,FireTV 4K Stick 2018,73.92.63.226,California,2022-01-11T06:44:40.897Z
NFANDROID1-PRV-P-SAMSUSM-G975U-7176-0485DFC5D89D29DD528C547E88F650BCB57F17F54C7C3E6C1C267D4E78C27AE23,US,DefaultWidevineAndroidPhone,DefaultWidevineAndroidPhone,2601:204:e000:feb0:f4a3:13b8:beab:d4c0,California,2022-01-09T00:29:33.283Z
NFANDROID1-PRV-P-SAMSUSM-G975U-7176-0485DFC5D89D29DD528C547E88F650BCB57F17F54C7C3E6C1C267D4E78C27AE23,US,DefaultWidevineAndroidPhone,DefaultWidevineAndroidPhone,2601:204:e000:feb0:f4a3:13b8:beab:d4c0,California,2021-12-30T16:25:50.932Z
NFANDROID2-PRV-FIRETVSTICK2020-AMAZOAFTSS-17689-07E83E675F47DE5C0216BFBCB10F3768627749358051EA627D012F186CFBF7DD,US,Amazon Fire TV Stick 2020 Lite Streaming Stick,Amazon Fire TV Stick 2020 Lite Streaming Stick,71.195.176.75,California,2021-12-29T20:45:16.876Z
NFANDROID2-PRV-FIRETVSTICK2018-AMAZOAFTMM-17461-B3628C48FC270B37D715D4544625257F15F32CF2A2DBF750D96B401E1A888F7F,US,FireTV 4K Stick 2018,FireTV 4K Stick 2018,2601:645:102:cf80:63:9b91:5bea:2b2c,California,2021-12-19T05:06:28.232Z
NFANDROID2-PRV-FIRETVSTICK2018-AMAZOAFTMM-17461-B3628C48FC270B37D715D4544625257F15F32CF2A2DBF750D96B401E1A888F7F,US,FireTV 4K Stick 2018,FireTV 4K Stick 2018,2601:645:102:cf80:63:9b91:5bea:2b2c,California,2021-12-18T22:29:50.425Z
NFANDROID2-PRV-FIRETVSTICK2018-AMAZOAFTMM-17461-B3628C48FC270B37D715D4544625257F15F32CF2A2DBF750D96B401E1A888F7F,US,FireTV 4K Stick 2018,FireTV 4K Stick 2018,73.222.123.196,California,2021-12-18T22:26:08.048Z
LGTV2016D=D1001662193,US,LG 2016 MStar M2 Low DTV Smart TV,LG 2016 MStar M2 Low DTV Smart TV,73.222.123.196,California,2021-12-05T16:25:53.594Z
NFANDROID2-PRV-FIRETVSTICK2018-AMAZOAFTMM-17461-B3628C48FC270B37D715D4544625257F15F32CF2A2DBF750D96B401E1A888F7F,US,FireTV 4K Stick 2018,FireTV 4K Stick 2018,76.101.71.239,Florida,2021-11-29T03:26:15.436Z
NFANDROID2-PRV-FIRETVSTICK2018-AMAZOAFTMM-17461-B3628C48FC270B37D715D4544625257F15F32CF2A2DBF750D96B401E1A888F7F,US,FireTV 4K Stick 2018,FireTV 4K Stick 2018,76.101.71.239,Florida,2021-11-27T23:08:14.253Z
NFANDROID2-PRV-FIRETVSTICK2020-AMAZOAFTSS-17689-07E83E675F47DE5C0216BFBCB10F3768627749358051EA627D012F186CFBF7DD,US,Amazon Fire TV Stick 2020 Lite Streaming Stick,Amazon Fire TV Stick 2020 Lite Streaming Stick,71.195.176.75,California,2021-11-25T02:25:14.527Z
NFANDROID2-PRV-FIRETVSTICK2020-AMAZOAFTSS-17689-07E83E675F47DE5C0216BFBCB10F3768627749358051EA627D012F186CFBF7DD,US,Amazon Fire TV Stick 2020 Lite Streaming Stick,Amazon Fire TV Stick 2020 Lite Streaming Stick,2601:204:e000:feb0:2981:e824:b15b:76ab,California,2021-11-25T02:25:04.138Z
NFANDROID2-PRV-FIRETVSTICK2020-AMAZOAFTSS-17689-07E83E675F47DE5C0216BFBCB10F3768627749358051EA627D012F186CFBF7DD,US,Amazon Fire TV Stick 2020 Lite Streaming Stick,Amazon Fire TV Stick 2020 Lite Streaming Stick,71.195.176.75,California,2021-11-25T02:08:29.725Z
NFANDROID2-PRV-FIRETVSTICK2020-AMAZOAFTSS-17689-07E83E675F47DE5C0216BFBCB10F3768627749358051EA627D012F186CFBF7DD,US,Amazon Fire TV Stick 2020 Lite Streaming Stick,Amazon Fire TV Stick 2020 Lite Streaming Stick,2601:204:e000:feb0:8026:816e:e76a:d772,California,2021-11-22T21:18:24.004Z
NFANDROID2-PRV-FIRETVSTICK2020-AMAZOAFTSS-17689-07E83E675F47DE5C0216BFBCB10F3768627749358051EA627D012F186CFBF7DD,US,Amazon Fire TV Stick 2020 Lite Streaming Stick,Amazon Fire TV Stick 2020 Lite Streaming Stick,71.195.176.75,California,2021-11-22T21:14:46.116Z
NFANDROID1-PRV-P-SAMSUSM-G975U-7176-0485DFC5D89D29DD528C547E88F650BCB57F17F54C7C3E6C1C267D4E78C27AE23,US,DefaultWidevineAndroidPhone,DefaultWidevineAndroidPhone,2601:204:e000:feb0:796d:c184:2abd:4852,California,2021-11-22T05:15:43.977Z
NFANDROID2-PRV-FIRETVSTICK2020-AMAZOAFTSS-17689-07E83E675F47DE5C0216BFBCB10F3768627749358051EA627D012F186CFBF7DD,US,Amazon Fire TV Stick 2020 Lite Streaming Stick,Amazon Fire TV Stick 2020 Lite Streaming Stick,71.195.176.75,California,2021-11-13T21:04:21.642Z
NFANDROID2-PRV-FIRETVSTICK2020-AMAZOAFTSS-17689-07E83E675F47DE5C0216BFBCB10F3768627749358051EA627D012F186CFBF7DD,US,Amazon Fire TV Stick 2020 Lite Streaming Stick,Amazon Fire TV Stick 2020 Lite Streaming Stick,2601:204:e000:feb0:4523:c265:e44:82b2,California,2021-11-13T02:58:12.930Z
CMCSTX1005-000D010D033E31C4-E03717DA5415,US,Comcast X1 ARM 4K MVPD STB,Comcast X1 ARM 4K MVPD STB,71.195.176.75,California,2021-11-13T00:51:50.729Z
NFANDROID2-PRV-FIRETVSTICK2020-AMAZOAFTSS-17689-07E83E675F47DE5C0216BFBCB10F3768627749358051EA627D012F186CFBF7DD,US,Amazon Fire TV Stick 2020 Lite Streaming Stick,Amazon Fire TV Stick 2020 Lite Streaming Stick,71.195.176.75,California,2021-11-13T00:48:01.637Z
NFANDROID2-PRV-FIRETVSTICK2020-AMAZOAFTSS-17689-07E83E675F47DE5C0216BFBCB10F3768627749358051EA627D012F186CFBF7DD,US,Amazon Fire TV Stick 2020 Lite Streaming Stick,Amazon Fire TV Stick 2020 Lite Streaming Stick,2601:204:e000:feb0:f506:e130:ac14:1f0d,California,2021-11-13T00:47:38.321Z
NFANDROID2-PRV-FIRETVSTICK2020-AMAZOAFTSS-17689-07E83E675F47DE5C0216BFBCB10F3768627749358051EA627D012F186CFBF7DD,US,Amazon Fire TV Stick 2020 Lite Streaming Stick,Amazon Fire TV Stick 2020 Lite Streaming Stick,71.195.176.75,California,2021-11-13T00:46:42.055Z
NFANDROID2-PRV-FIRETVSTICK2020-AMAZOAFTSS-17689-07E83E675F47DE5C0216BFBCB10F3768627749358051EA627D012F186CFBF7DD,US,Amazon Fire TV Stick 2020 Lite Streaming Stick,Amazon Fire TV Stick 2020 Lite Streaming Stick,2601:204:e000:feb0:8448:5e28:b1d0:2b61,California,2021-11-05T02:33:41.347Z
NFANDROID2-PRV-FIRETVSTICK2020-AMAZOAFTSS-17689-07E83E675F47DE5C0216BFBCB10F3768627749358051EA627D012F186CFBF7DD,US,Amazon Fire TV Stick 2020 Lite Streaming Stick,Amazon Fire TV Stick 2020 Lite Streaming Stick,71.195.176.75,California,2021-11-05T02:16:55.068Z
NFAPPL-01-IPAD11=6-193DAB34ACDA31403FA4ECB5A56CF9F11A90C78666279F0A0B89FB944F3ADE14,US,Apple iPad 10.2 inch 8th Gen Wi-Fi iPad,Apple iPad 10.2 inch 8th Gen Wi-Fi iPad,2601:645:102:cf80:30fa:c4fa:4501:9ab,California,2021-11-02T08:37:34.888Z
NFANDROID1-PRV-P-SAMSUSM-G975U-7176-0485DFC5D89D29DD528C547E88F650BCB57F17F54C7C3E6C1C267D4E78C27AE23,US,DefaultWidevineAndroidPhone,DefaultWidevineAndroidPhone,2601:204:e000:feb0:a0ad:b60:f42a:1a2,California,2021-10-02T15:47:25.791Z
NFANDROID1-PRV-P-SAMSUSM-G975U-7176-0485DFC5D89D29DD528C547E88F650BCB57F17F54C7C3E6C1C267D4E78C27AE23,US,DefaultWidevineAndroidPhone,DefaultWidevineAndroidPhone,2601:204:e000:feb0:a0ad:b60:f42a:1a2,California,2021-10-02T15:46:45.088Z
RKU-CXXXXDX00100FJXUFN,US,Roku TV CXXXX,TCL Malone DV Smart TV,71.195.176.75,California,2021-09-21T18:38:19.496Z
NFANDROID2-PRV-FIRETVSTICK2020-AMAZOAFTSS-17689-07E83E675F47DE5C0216BFBCB10F3768627749358051EA627D012F186CFBF7DD,US,Amazon Fire TV Stick 2020 Lite Streaming Stick,Amazon Fire TV Stick 2020 Lite Streaming Stick,71.195.176.75,California,2021-09-21T00:31:51.051Z
NFANDROID1-PRV-P-SAMSUSM-G975U-7176-0485DFC5D89D29DD528C547E88F650BCB57F17F54C7C3E6C1C267D4E78C27AE23,US,DefaultWidevineAndroidPhone,DefaultWidevineAndroidPhone,2601:204:e000:feb0:4879:695f:e8d5:92ba,California,2021-08-30T14:50:23.432Z
RKU-CXXXXDX00100FJXUFN,US,Roku TV CXXXX,TCL Malone DV Smart TV,73.12.140.194,California,2021-08-26T04:16:45.993Z
NFANDROID1-PRV-P-SAMSUSM-G975U-7176-0485DFC5D89D29DD528C547E88F650BCB57F17F54C7C3E6C1C267D4E78C27AE23,US,DefaultWidevineAndroidPhone,DefaultWidevineAndroidPhone,2601:204:e000:feb0:4879:695f:e8d5:92ba,California,2021-08-23T02:28:59.037Z
NFANDROID1-PRV-P-SAMSUSM-G975U-7176-0485DFC5D89D29DD528C547E88F650BCB57F17F54C7C3E6C1C267D4E78C27AE23,US,DefaultWidevineAndroidPhone,DefaultWidevineAndroidPhone,2601:204:e000:feb0:4879:695f:e8d5:92ba,California,2021-08-23T02:28:26.750Z
NFANDROID1-PRV-P-SAMSUSM-G975U-7176-0485DFC5D89D29DD528C547E88F650BCB57F17F54C7C3E6C1C267D4E78C27AE23,US,DefaultWidevineAndroidPhone,DefaultWidevineAndroidPhone,2601:204:e000:feb0:210f:2896:5fe0:5f59,California,2021-08-07T20:29:28.519Z
NFAPPL-04-APPLETV5=3-DF122301E3EADD68D5D342E6F8A18883DA02198533F547406801D2EFB79362DA,US,Apple Apple TV 4 Apple TV,Apple Apple TV 4 Apple TV,2601:645:501:d040:805e:898e:d604:9002,California,2021-08-05T03:53:59.418Z
LGTV2016D=D1001662193,US,LG 2016 MStar M2 Low DTV Smart TV,LG 2016 MStar M2 Low DTV Smart TV,73.222.123.196,California,2021-08-01T05:22:07.355Z
LGTV2016D=D1001662193,US,LG 2016 MStar M2 Low DTV Smart TV,LG 2016 MStar M2 Low DTV Smart TV,67.188.97.28,California,2021-07-27T04:52:44.946Z
NFANDROID2-PRV-FIRETVSTICK2020-AMAZOAFTSS-17689-07E83E675F47DE5C0216BFBCB10F3768627749358051EA627D012F186CFBF7DD,US,Amazon Fire TV Stick 2020 Lite Streaming Stick,Amazon Fire TV Stick 2020 Lite Streaming Stick,73.12.140.194,California,2021-07-22T03:19:20.427Z
CMCSTX1005-000D010D033E31C4-E03717DA5415,US,Comcast X1 ARM 4K MVPD STB,Comcast X1 ARM 4K MVPD STB,73.12.140.194,California,2021-07-22T03:13:17.797Z
NFANDROID1-PRV-P-SAMSUSM-G975U-7176-0485DFC5D89D29DD528C547E88F650BCB57F17F54C7C3E6C1C267D4E78C27AE23,US,DefaultWidevineAndroidPhone,DefaultWidevineAndroidPhone,2601:204:e000:feb0:4c18:f546:11f1:ce8f,California,2021-06-20T13:59:26.469Z
NFANDROID1-PRV-P-SAMSUSM-G975U-7176-0485DFC5D89D29DD528C547E88F650BCB57F17F54C7C3E6C1C267D4E78C27AE23,US,DefaultWidevineAndroidPhone,DefaultWidevineAndroidPhone,2601:204:e000:feb0:4c18:f546:11f1:ce8f,California,2021-06-20T13:59:21.836Z
NFAPPL-04-APPLETV5=3-DF122301E3EADD68D5D342E6F8A18883DA02198533F547406801D2EFB79362DA,US,Apple Apple TV 4 Apple TV,Apple Apple TV 4 Apple TV,67.188.97.28,California,2021-05-20T14:28:11.782Z
NFAPPL-04-APPLETV5=3-DF122301E3EADD68D5D342E6F8A18883DA02198533F547406801D2EFB79362DA,US,Apple Apple TV 4 Apple TV,Apple Apple TV 4 Apple TV,67.188.97.28,California,2021-04-27T05:21:38.366Z
NFAPPL-04-APPLETV5=3-DF122301E3EADD68D5D342E6F8A18883DA02198533F547406801D2EFB79362DA,US,Apple Apple TV 4 Apple TV,Apple Apple TV 4 Apple TV,2601:645:501:d040:54aa:cd95:859:2cf5,California,2021-04-27T03:34:41.458Z
NFAPPL-04-APPLETV5=3-DF122301E3EADD68D5D342E6F8A18883DA02198533F547406801D2EFB79362DA,US,Apple Apple TV 4 Apple TV,Apple Apple TV 4 Apple TV,67.188.97.28,California,2021-04-26T02:47:13.085Z
NFAPPL-04-APPLETV5=3-DF122301E3EADD68D5D342E6F8A18883DA02198533F547406801D2EFB79362DA,US,Apple Apple TV 4 Apple TV,Apple Apple TV 4 Apple TV,67.188.97.28,California,2021-04-14T00:34:25.805Z
NFAPPL-04-APPLETV5=3-DF122301E3EADD68D5D342E6F8A18883DA02198533F547406801D2EFB79362DA,US,Apple Apple TV 4 Apple TV,Apple Apple TV 4 Apple TV,2601:645:501:d040:b956:28d8:80c9:251f,California,2021-04-12T02:41:07.074Z
NFAPPL-04-APPLETV5=3-DF122301E3EADD68D5D342E6F8A18883DA02198533F547406801D2EFB79362DA,US,Apple Apple TV 4 Apple TV,Apple Apple TV 4 Apple TV,67.188.97.28,California,2021-04-05T03:40:01.579Z
NFAPPL-04-APPLETV5=3-DF122301E3EADD68D5D342E6F8A18883DA02198533F547406801D2EFB79362DA,US,Apple Apple TV 4 Apple TV,Apple Apple TV 4 Apple TV,67.188.97.28,California,2021-03-19T03:29:24.704Z
NFAPPL-02-IPHONE11=2-4B59823EADF2B512F18C4F2D672C9EE9D6D2F1F6A158CB1B22BD7F1071017E02,US,Apple iPhone XS,Apple iPhone XS,2607:fb90:46a:5c74:f981:66f4:ae82:14a4,California,2021-03-19T01:48:14.640Z
NFAPPL-04-APPLETV5=3-DF122301E3EADD68D5D342E6F8A18883DA02198533F547406801D2EFB79362DA,US,Apple Apple TV 4 Apple TV,Apple Apple TV 4 Apple TV,2601:645:501:d040:75d7:fa4c:801f:c0d1,California,2021-03-18T21:17:33.079Z
NFAPPL-04-APPLETV5=3-DF122301E3EADD68D5D342E6F8A18883DA02198533F547406801D2EFB79362DA,US,Apple Apple TV 4 Apple TV,Apple Apple TV 4 Apple TV,2601:645:501:d040:edd2:e5b6:aca3:9e8b,California,2021-03-13T03:45:00.465Z
NFAPPL-02-IPHONE11=2-4B59823EADF2B512F18C4F2D672C9EE9D6D2F1F6A158CB1B22BD7F1071017E02,US,Apple iPhone XS,Apple iPhone XS,2601:204:e000:feb0:6ddd:a67f:654:cbb,California,2021-02-22T03:11:27.335Z
NFANDROID2-PRV-FIRETVSTICK2020-AMAZOAFTSS-17689-07E83E675F47DE5C0216BFBCB10F3768627749358051EA627D012F186CFBF7DD,US,Amazon Fire TV Stick 2020 Lite Streaming Stick,Amazon Fire TV Stick 2020 Lite Streaming Stick,73.12.140.194,California,2021-02-17T04:08:05.675Z
NFANDROID1-PRV-P-SAMSUSM-G975U-7176-0485DFC5D89D29DD528C547E88F650BCB57F17F54C7C3E6C1C267D4E78C27AE23,US,DefaultWidevineAndroidPhone,DefaultWidevineAndroidPhone,2601:204:e000:feb0:9d5b:3505:5cf5:55e2,California,2021-02-07T17:10:15.290Z
NFAPPL-04-APPLETV5=3-DF122301E3EADD68D5D342E6F8A18883DA02198533F547406801D2EFB79362DA,US,Apple Apple TV 4 Apple TV,Apple Apple TV 4 Apple TV,2601:645:501:d040:404f:c280:c2e9:af24,California,2021-01-21T00:05:12.479Z
NFAPPL-04-APPLETV5=3-DF122301E3EADD68D5D342E6F8A18883DA02198533F547406801D2EFB79362DA,US,Apple Apple TV 4 Apple TV,Apple Apple TV 4 Apple TV,67.188.97.28,California,2021-01-20T21:29:00.911Z
NFAPPL-04-APPLETV5=3-DF122301E3EADD68D5D342E6F8A18883DA02198533F547406801D2EFB79362DA,US,Apple Apple TV 4 Apple TV,Apple Apple TV 4 Apple TV,2601:645:501:d040:1871:76c9:b009:8067,California,2021-01-19T20:03:09.682Z
NFAPPL-04-APPLETV5=3-DF122301E3EADD68D5D342E6F8A18883DA02198533F547406801D2EFB79362DA,US,Apple Apple TV 4 Apple TV,Apple Apple TV 4 Apple TV,67.188.97.28,California,2021-01-19T19:19:16.210Z
NFAPPL-04-APPLETV5=3-DF122301E3EADD68D5D342E6F8A18883DA02198533F547406801D2EFB79362DA,US,Apple Apple TV 4 Apple TV,Apple Apple TV 4 Apple TV,2601:645:501:d040:7911:b2dc:104c:35c9,California,2021-01-12T23:17:29.372Z
NFAPPL-04-APPLETV5=3-DF122301E3EADD68D5D342E6F8A18883DA02198533F547406801D2EFB79362DA,US,Apple Apple TV 4 Apple TV,Apple Apple TV 4 Apple TV,67.188.97.28,California,2021-01-12T16:30:25.852Z
NFAPPL-04-APPLETV5=3-DF122301E3EADD68D5D342E6F8A18883DA02198533F547406801D2EFB79362DA,US,Apple Apple TV 4 Apple TV,Apple Apple TV 4 Apple TV,2601:645:501:d040:1dfe:5077:dfde:3dea,California,2021-01-09T03:58:12.808Z
NFAPPL-04-APPLETV5=3-DF122301E3EADD68D5D342E6F8A18883DA02198533F547406801D2EFB79362DA,US,Apple Apple TV 4 Apple TV,Apple Apple TV 4 Apple TV,2601:645:501:d040:dac:40e1:e793:7a1d,California,2021-01-09T01:53:36.439Z
NFAPPL-04-APPLETV5=3-DF122301E3EADD68D5D342E6F8A18883DA02198533F547406801D2EFB79362DA,US,Apple Apple TV 4 Apple TV,Apple Apple TV 4 Apple TV,67.188.97.28,California,2020-12-26T01:47:09.621Z
NFAPPL-01-IPAD11=6-193DAB34ACDA31403FA4ECB5A56CF9F11A90C78666279F0A0B89FB944F3ADE14,US,Apple iPad 10.2 inch 8th Gen Wi-Fi iPad,Apple iPad 10.2 inch 8th Gen Wi-Fi iPad,184.23.254.228,California,2020-12-16T17:02:39.125Z
NFAPPL-04-APPLETV5=3-DF122301E3EADD68D5D342E6F8A18883DA02198533F547406801D2EFB79362DA,US,Apple Apple TV 4 Apple TV,Apple Apple TV 4 Apple TV,67.188.97.28,California,2020-12-07T18:13:52.873Z
NFAPPL-04-APPLETV5=3-DF122301E3EADD68D5D342E6F8A18883DA02198533F547406801D2EFB79362DA,US,Apple Apple TV 4 Apple TV,Apple Apple TV 4 Apple TV,2601:645:501:d040:95d6:fa3f:902e:8eff,California,2020-12-04T02:27:35.378Z
NFAPPL-02-IPHONE11=2-4B59823EADF2B512F18C4F2D672C9EE9D6D2F1F6A158CB1B22BD7F1071017E02,US,Apple iPhone XS,Apple iPhone XS,2601:204:e000:feb0:b1b4:34c5:6c46:fc36,California,2020-12-03T04:00:54.522Z
NFAPPL-02-IPHONE11=2-4B59823EADF2B512F18C4F2D672C9EE9D6D2F1F6A158CB1B22BD7F1071017E02,US,Apple iPhone XS,Apple iPhone XS,2601:204:e000:feb0:64bc:51b9:8ee3:4a26,California,2020-12-03T03:55:01.491Z
NFAPPL-04-APPLETV5=3-DF122301E3EADD68D5D342E6F8A18883DA02198533F547406801D2EFB79362DA,US,Apple Apple TV 4 Apple TV,Apple Apple TV 4 Apple TV,2601:645:501:d040:95d6:fa3f:902e:8eff,California,2020-12-01T03:41:07.018Z
NFAPPL-04-APPLETV5=3-DF122301E3EADD68D5D342E6F8A18883DA02198533F547406801D2EFB79362DA,US,Apple Apple TV 4 Apple TV,Apple Apple TV 4 Apple TV,67.188.97.28,California,2020-11-22T03:16:25.646Z
NFAPPL-04-APPLETV5=3-DF122301E3EADD68D5D342E6F8A18883DA02198533F547406801D2EFB79362DA,US,Apple Apple TV 4 Apple TV,Apple Apple TV 4 Apple TV,67.188.97.28,California,2020-11-21T05:15:52.264Z
NFAPPL-04-APPLETV5=3-DF122301E3EADD68D5D342E6F8A18883DA02198533F547406801D2EFB79362DA,US,Apple Apple TV 4 Apple TV,Apple Apple TV 4 Apple TV,2601:645:501:d040:5136:61bc:570:d6e6,California,2020-11-18T01:18:03.394Z
NFAPPL-04-APPLETV5=3-DF122301E3EADD68D5D342E6F8A18883DA02198533F547406801D2EFB79362DA,US,Apple Apple TV 4 Apple TV,Apple Apple TV 4 Apple TV,67.188.97.28,California,2020-11-17T22:21:14.073Z
NFAPPL-04-APPLETV5=3-DF122301E3EADD68D5D342E6F8A18883DA02198533F547406801D2EFB79362DA,US,Apple Apple TV 4 Apple TV,Apple Apple TV 4 Apple TV,2601:645:501:d040:1fe:54ff:4913:495f,California,2020-11-17T20:48:57.957Z
NFAPPL-04-APPLETV5=3-DF122301E3EADD68D5D342E6F8A18883DA02198533F547406801D2EFB79362DA,US,Apple Apple TV 4 Apple TV,Apple Apple TV 4 Apple TV,67.188.97.28,California,2020-11-16T22:35:45.162Z
NFAPPL-04-APPLETV5=3-DF122301E3EADD68D5D342E6F8A18883DA02198533F547406801D2EFB79362DA,US,Apple Apple TV 4 Apple TV,Apple Apple TV 4 Apple TV,67.188.97.28,California,2020-11-11T05:20:43.001Z
NFAPPL-04-APPLETV5=3-DF122301E3EADD68D5D342E6F8A18883DA02198533F547406801D2EFB79362DA,US,Apple Apple TV 4 Apple TV,Apple Apple TV 4 Apple TV,2601:645:501:d040:d842:c991:ca90:3744,California,2020-11-11T04:17:28.719Z
NFAPPL-04-APPLETV5=3-DF122301E3EADD68D5D342E6F8A18883DA02198533F547406801D2EFB79362DA,US,Apple Apple TV 4 Apple TV,Apple Apple TV 4 Apple TV,67.188.97.28,California,2020-11-10T23:28:52.149Z
NFAPPL-04-APPLETV5=3-DF122301E3EADD68D5D342E6F8A18883DA02198533F547406801D2EFB79362DA,US,Apple Apple TV 4 Apple TV,Apple Apple TV 4 Apple TV,67.188.97.28,California,2020-11-04T23:05:39.396Z
NFAPPL-04-APPLETV5=3-DF122301E3EADD68D5D342E6F8A18883DA02198533F547406801D2EFB79362DA,US,Apple Apple TV 4 Apple TV,Apple Apple TV 4 Apple TV,2601:645:501:d040:40cf:c642:8e1b:8d92,California,2020-11-04T22:32:34.174Z
NFAPPL-04-APPLETV5=3-DF122301E3EADD68D5D342E6F8A18883DA02198533F547406801D2EFB79362DA,US,Apple Apple TV 4 Apple TV,Apple Apple TV 4 Apple TV,2601:645:501:d040:34ca:a155:6d2e:c0f9,California,2020-10-27T19:06:30.733Z
NFAPPL-04-APPLETV5=3-DF122301E3EADD68D5D342E6F8A18883DA02198533F547406801D2EFB79362DA,US,Apple Apple TV 4 Apple TV,Apple Apple TV 4 Apple TV,67.188.97.28,California,2020-10-26T03:24:44.414Z
NFAPPL-04-APPLETV5=3-DF122301E3EADD68D5D342E6F8A18883DA02198533F547406801D2EFB79362DA,US,Apple Apple TV 4 Apple TV,Apple Apple TV 4 Apple TV,2601:645:501:d040:95bc:112:a2c5:f394,California,2020-10-26T02:25:33.805Z
RKU-CXXXXDX0010004USX7,US,Roku TV CXXXX,TCL Malone DV Smart TV,73.12.140.194,California,2020-10-25T18:41:35.743Z
NFAPPL-04-APPLETV5=3-DF122301E3EADD68D5D342E6F8A18883DA02198533F547406801D2EFB79362DA,US,Apple Apple TV 4 Apple TV,Apple Apple TV 4 Apple TV,2601:645:501:d040:642e:ea14:6df6:c555,California,2020-10-24T04:57:21.912Z
NFAPPL-04-APPLETV5=3-DF122301E3EADD68D5D342E6F8A18883DA02198533F547406801D2EFB79362DA,US,Apple Apple TV 4 Apple TV,Apple Apple TV 4 Apple TV,67.188.97.28,California,2020-10-24T03:51:11.103Z
NFAPPL-04-APPLETV5=3-DF122301E3EADD68D5D342E6F8A18883DA02198533F547406801D2EFB79362DA,US,Apple Apple TV 4 Apple TV,Apple Apple TV 4 Apple TV,2601:645:501:d040:dbe:70cd:9166:190b,California,2020-10-24T02:54:01.708Z
NFAPPL-04-APPLETV5=3-DF122301E3EADD68D5D342E6F8A18883DA02198533F547406801D2EFB79362DA,US,Apple Apple TV 4 Apple TV,Apple Apple TV 4 Apple TV,67.188.97.28,California,2020-10-20T21:38:14.338Z
NFAPPL-04-APPLETV5=3-DF122301E3EADD68D5D342E6F8A18883DA02198533F547406801D2EFB79362DA,US,Apple Apple TV 4 Apple TV,Apple Apple TV 4 Apple TV,2601:645:501:d040:15cb:e0ca:82cb:be2a,California,2020-10-20T15:44:32.376Z
NFAPPL-04-APPLETV5=3-DF122301E3EADD68D5D342E6F8A18883DA02198533F547406801D2EFB79362DA,US,Apple Apple TV 4 Apple TV,Apple Apple TV 4 Apple TV,67.188.97.28,California,2020-10-17T05:32:19.314Z
NFAPPL-04-APPLETV5=3-DF122301E3EADD68D5D342E6F8A18883DA02198533F547406801D2EFB79362DA,US,Apple Apple TV 4 Apple TV,Apple Apple TV 4 Apple TV,2601:645:501:d040:547b:ade5:5ef0:3b9e,California,2020-10-17T02:42:18.365Z
NFAPPL-04-APPLETV5=3-DF122301E3EADD68D5D342E6F8A18883DA02198533F547406801D2EFB79362DA,US,Apple Apple TV 4 Apple TV,Apple Apple TV 4 Apple TV,2601:645:501:d040:94ba:49f6:8319:91b6,California,2020-10-16T01:49:28.295Z
NFAPPL-04-APPLETV5=3-DF122301E3EADD68D5D342E6F8A18883DA02198533F547406801D2EFB79362DA,US,Apple Apple TV 4 Apple TV,Apple Apple TV 4 Apple TV,67.188.97.28,California,2020-10-11T03:33:16.043Z
NFAPPL-04-APPLETV5=3-DF122301E3EADD68D5D342E6F8A18883DA02198533F547406801D2EFB79362DA,US,Apple Apple TV 4 Apple TV,Apple Apple TV 4 Apple TV,67.188.97.28,California,2020-10-10T03:31:21.825Z
NFAPPL-04-APPLETV5=3-DF122301E3EADD68D5D342E6F8A18883DA02198533F547406801D2EFB79362DA,US,Apple Apple TV 4 Apple TV,Apple Apple TV 4 Apple TV,2601:645:501:d040:65a0:d1f8:68d2:eaad,California,2020-10-05T02:39:12.305Z
NFAPPL-04-APPLETV5=3-DF122301E3EADD68D5D342E6F8A18883DA02198533F547406801D2EFB79362DA,US,Apple Apple TV 4 Apple TV,Apple Apple TV 4 Apple TV,67.188.97.28,California,2020-10-04T03:12:30.990Z
NFAPPL-04-APPLETV5=3-DF122301E3EADD68D5D342E6F8A18883DA02198533F547406801D2EFB79362DA,US,Apple Apple TV 4 Apple TV,Apple Apple TV 4 Apple TV,2601:645:501:d040:c68:6193:e3a2:9bee,California,2020-09-27T02:49:14.649Z
NFAPPL-04-APPLETV5=3-DF122301E3EADD68D5D342E6F8A18883DA02198533F547406801D2EFB79362DA,US,Apple Apple TV 4 Apple TV,Apple Apple TV 4 Apple TV,67.188.97.28,California,2020-09-20T03:34:57.478Z
NFAPPL-04-APPLETV5=3-DF122301E3EADD68D5D342E6F8A18883DA02198533F547406801D2EFB79362DA,US,Apple Apple TV 4 Apple TV,Apple Apple TV 4 Apple TV,67.188.97.28,California,2020-09-19T05:14:37.822Z
NFANDROID1-PRV-T-L3-SAMSUSAMSUNG-SM-T377A-4445-03F2A4DA91356CD84C90888DE6B40A3E4473F08F669749A96F94DEFBD1CE75943,US,Android DefaultWidevineL3Tablet Android Tablet,Android DefaultWidevineL3Tablet Android Tablet,2601:204:e000:feb0:84ff:8f30:84a:a39f,California,2020-09-16T14:18:06.789Z
NFANDROID1-PRV-P-SAMSUSM-G975U-7176-0485DFC5D89D29DD528C547E88F650BCB57F17F54C7C3E6C1C267D4E78C27AE23,US,DefaultWidevineAndroidPhone,DefaultWidevineAndroidPhone,2601:204:e000:feb0:f4b0:6ed9:e550:485,California,2020-07-14T03:22:37.653Z
CMCSTX1005-000D010D033E31C4-E03717DA5415,US,Comcast X1 ARM 4K MVPD STB,Comcast X1 ARM 4K MVPD STB,73.12.140.194,California,2020-07-09T01:56:09.850Z
CMCSTX1005-000D010D033E31C4-E03717DA5415,US,Comcast X1 ARM 4K MVPD STB,Comcast X1 ARM 4K MVPD STB,2601:204:e000:feb0:e237:17ff:feda:5413,California,2020-07-06T04:46:38.711Z
NFAPPL-02-IPHONE11=2-4B59823EADF2B512F18C4F2D672C9EE9D6D2F1F6A158CB1B22BD7F1071017E02,US,Apple iPhone XS,Apple iPhone XS,2601:204:e000:feb0:c19:4d2b:97e9:1998,California,2020-06-13T14:44:49.816Z
LGTV2016D=D1001662193,US,LG 2016 MStar M2 Low DTV Smart TV,LG 2016 MStar M2 Low DTV Smart TV,67.188.97.28,California,2020-06-08T01:35:51.844Z
RKU-CXXXXDX00100FJXUFN,US,Roku TV CXXXX,TCL Malone DV Smart TV,73.12.140.194,California,2020-05-18T20:27:51.381Z
RKU-CXXXXDX00100FJXUFN,US,Roku TV CXXXX,TCL Malone DV Smart TV,73.90.15.218,California,2020-05-01T21:43:59.662Z
NFANDROID1-PRV-P-SAMSUSM-G975U-7176-0485DFC5D89D29DD528C547E88F650BCB57F17F54C7C3E6C1C267D4E78C27AE23,US,DefaultWidevineAndroidPhone,DefaultWidevineAndroidPhone,2601:204:e000:feb0:f5ce:e2e5:de0:d66d,California,2020-04-11T23:55:42.450Z
NFUWA-001-06FD9306A7B5DB36C8355F99A962E7AF1277B02EAF7D2379A5916A53A388B7A0,US,Netflix Windows App - Cadmium Windows Mobile,Netflix Windows App - Cadmium Windows Mobile,73.90.15.218,California,2020-03-19T22:17:58.729Z
CMCSTX1005-000D010D033E31C4-E03717DA5415,US,Comcast X1 ARM 4K MVPD STB,Comcast X1 ARM 4K MVPD STB,2601:204:e000:feb0:e237:17ff:feda:5413,California,2020-02-21T05:04:55.042Z
RKU-CXXXXDX0010004USX7,US,Roku TV CXXXX,TCL Malone DV Smart TV,73.12.140.194,California,2020-02-15T21:23:50.386Z
CMCSTX1001-00000104020B29C5-CC65AD8E5E08,US,Comcast X1 MIPS NO SAGE MVPD STB,Comcast X1 MIPS NO SAGE MVPD STB,2001:558:5020:64:2c2e:b390:2604:bd8b,New Jersey,2020-02-11T04:11:18.707Z
NFANDROID1-PRV-T-L3-SAMSUSAMSUNG-SM-T377A-4445-03F2A4DA91356CD84C90888DE6B40A3E4473F08F669749A96F94DEFBD1CE75943,US,Android DefaultWidevineL3Tablet Android Tablet,Android DefaultWidevineL3Tablet Android Tablet,2602:306:cc2e:28f0:4134:dff4:7458:210f,California,2020-01-29T06:17:15.140Z
NFANDROID1-PRV-P-SAMSUSM-G975U-7176-0485DFC5D89D29DD528C547E88F650BCB57F17F54C7C3E6C1C267D4E78C27AE23,US,DefaultWidevineAndroidPhone,DefaultWidevineAndroidPhone,2600:1008:b121:9bbe:4d71:9860:9526:fb93,Illinois,2020-01-08T12:35:40.158Z
NFANDROID1-PRV-P-SAMSUSM-G975U-7176-0485DFC5D89D29DD528C547E88F650BCB57F17F54C7C3E6C1C267D4E78C27AE23,US,DefaultWidevineAndroidPhone,DefaultWidevineAndroidPhone,2600:1008:b121:9bbe:4d71:9860:9526:fb93,Illinois,2020-01-08T12:35:09.038Z
NFANDROID1-PRV-P-SAMSUSM-G975U-7176-0485DFC5D89D29DD528C547E88F650BCB57F17F54C7C3E6C1C267D4E78C27AE23,US,DefaultWidevineAndroidPhone,DefaultWidevineAndroidPhone,2600:1008:b121:9bbe:4d71:9860:9526:fb93,Illinois,2020-01-08T12:34:41.276Z
NFANDROID1-PRV-T-L3-SAMSUSAMSUNG-SM-T377A-4445-03F2A4DA91356CD84C90888DE6B40A3E4473F08F669749A96F94DEFBD1CE75943,US,Android DefaultWidevineL3Tablet Android Tablet,Android DefaultWidevineL3Tablet Android Tablet,12.205.202.11,Illinois,2020-01-08T03:55:26.150Z
NFANDROID1-PRV-P-SAMSUSM-G975U-7176-0485DFC5D89D29DD528C547E88F650BCB57F17F54C7C3E6C1C267D4E78C27AE23,US,DefaultWidevineAndroidPhone,DefaultWidevineAndroidPhone,96.87.117.189,Illinois,2020-01-07T05:26:17.017Z
NFANDROID1-PRV-T-L3-SAMSUSAMSUNG-SM-T377A-4445-03F2A4DA91356CD84C90888DE6B40A3E4473F08F669749A96F94DEFBD1CE75943,US,Android DefaultWidevineL3Tablet Android Tablet,Android DefaultWidevineL3Tablet Android Tablet,12.205.202.11,Illinois,2020-01-07T01:17:15.956Z
RKU-CXXXXDX0010004USX7,US,Roku TV CXXXX,TCL Malone DV Smart TV,108.194.226.143,California,2019-12-29T04:30:13.970Z
NFUWA-001-06FD9306A7B5DB36C8355F99A962E7AF1277B02EAF7D2379A5916A53A388B7A0,US,Netflix Windows App - Cadmium Windows Mobile,Netflix Windows App - Cadmium Windows Mobile,73.90.15.218,California,2019-11-27T02:24:34.840Z
NFANDROID1-PRV-T-L3-SAMSUSAMSUNG-SM-T377A-4445-03F2A4DA91356CD84C90888DE6B40A3E4473F08F669749A96F94DEFBD1CE75943,US,Android DefaultWidevineL3Tablet Android Tablet,Android DefaultWidevineL3Tablet Android Tablet,2602:306:cc2e:28f0:fc15:5cc1:53f7:6ef9,California,2019-11-24T06:01:44.311Z
RKU-CXXXXDX00100FJXUFN,US,Roku TV CXXXX,TCL Malone DV Smart TV,73.90.15.218,California,2019-10-06T20:05:55.710Z
NFANDROID1-PRV-T-L3-SAMSUSAMSUNG-SM-T377A-4445-03F2A4DA91356CD84C90888DE6B40A3E4473F08F669749A96F94DEFBD1CE75943,US,Android DefaultWidevineL3Tablet Android Tablet,Android DefaultWidevineL3Tablet Android Tablet,2602:306:cc2e:28f0:5983:14ab:d9a1:1a11,California,2019-05-19T18:29:04.289Z
NFANDROID1-PRV-T-L3-SAMSUSAMSUNG-SM-T377A-4445-03F2A4DA91356CD84C90888DE6B40A3E4473F08F669749A96F94DEFBD1CE75943,US,Android DefaultWidevineL3Tablet Android Tablet,Android DefaultWidevineL3Tablet Android Tablet,2602:306:cc2e:28f0:b4cb:6a36:49de:5c5,California,2019-05-03T01:51:52.329Z
NFANDROID1-PRV-T-L3-SAMSUSAMSUNG-SM-T377A-4445-03F2A4DA91356CD84C90888DE6B40A3E4473F08F669749A96F94DEFBD1CE75943,US,Android DefaultWidevineL3Tablet Android Tablet,Android DefaultWidevineL3Tablet Android Tablet,2602:306:cc2e:28f0:5c5d:39bd:196d:cea4,California,2018-12-02T06:46:42.407Z
NFANDROID1-PRV-T-L3-SAMSUSAMSUNG-SM-T377A-4445-03F2A4DA91356CD84C90888DE6B40A3E4473F08F669749A96F94DEFBD1CE75943,US,Android DefaultWidevineL3Tablet Android Tablet,Android DefaultWidevineL3Tablet Android Tablet,136.179.21.78,Nevada,2018-11-29T04:35:45.371Z
NFANDROID1-PRV-T-L3-SAMSUSAMSUNG-SM-T377A-4445-03F2A4DA91356CD84C90888DE6B40A3E4473F08F669749A96F94DEFBD1CE75943,US,Android DefaultWidevineL3Tablet Android Tablet,Android DefaultWidevineL3Tablet Android Tablet,136.179.21.78,Nevada,2018-11-27T05:52:51.696Z
LGTV2016D=D1001662193,US,LG 2016 MStar M2 Low DTV Smart TV,LG 2016 MStar M2 Low DTV Smart TV,24.5.48.232,California,2017-09-03T02:22:16.685Z
LGTV2016D=D1001662193,US,LG 2016 MStar M2 Low DTV Smart TV,LG 2016 MStar M2 Low DTV Smart TV,24.5.48.232,California,2017-05-02T05:03:07.753Z
LGTV2016D=D1001662193,US,LG 2016 MStar M2 Low DTV Smart TV,LG 2016 MStar M2 Low DTV Smart TV,104.176.2.3,California,2017-05-01T04:39:02.696Z
LGTV2016D=D1001662193,US,LG 2016 MStar M2 Low DTV Smart TV,LG 2016 MStar M2 Low DTV Smart TV,104.176.2.3,California,2017-03-27T05:23:42.175Z
LGTV2016D=D1001662193,US,LG 2016 MStar M2 Low DTV Smart TV,LG 2016 MStar M2 Low DTV Smart TV,208.75.77.65,California,2017-03-27T04:41:31.099Z
LGTV2016D=D1001662193,US,LG 2016 MStar M2 Low DTV Smart TV,LG 2016 MStar M2 Low DTV Smart TV,104.176.2.3,California,2017-03-27T02:16:59.391Z
LGTV2016D=D1001662193,US,LG 2016 MStar M2 Low DTV Smart TV,LG 2016 MStar M2 Low DTV Smart TV,104.176.2.3,California,2017-03-24T03:48:42.280Z
LGTV2016D=D1001662193,US,LG 2016 MStar M2 Low DTV Smart TV,LG 2016 MStar M2 Low DTV Smart TV,98.234.229.82,California,2017-03-15T04:25:59.657Z
LGTV2016D=D1001662193,US,LG 2016 MStar M2 Low DTV Smart TV,LG 2016 MStar M2 Low DTV Smart TV,98.234.229.82,California,2017-01-02T00:36:40.234Z
